one,two,three,four1,four2,four3,four4,four5,four6,four7,four8,five1,five2,five3,five4,five5,five6,six,seven,eight,nine,ten,eleven,twelve
3,3,3,0,0,0,0,1,0,0,0,0,0,1,0,0,0,2,4,0,4,4,5,55
4,3,3,0,0,0,0,1,0,0,0,0,0,1,0,0,0,2,3,1,4,4,2,
3,3,5,0,0,0,0,1,0,0,0,0,1,0,0,0,0,2,4,1,4,5,2,51.2
3,2,2,0,0,0,0,1,0,0,0,1,0,0,0,0,0,1,5,1,4,5,5,59
1,1,2,0,0,0,0,0,1,0,0,1,0,0,0,0,0,3,4,0,3,1,6,62.8
1,3,5,0,0,0,0,1,0,0,0,0,1,0,0,0,0,2,3,0,2,4,3,52.3
5,1,1,0,0,0,0,0,1,0,0,1,0,0,0,0,0,2,5,1,4,3,3,53
1,1,3,0,1,0,0,0,0,0,0,0,1,0,0,0,0,2,5,1,5,4,3,54.4
3,1,1,0,1,0,0,0,0,0,0,1,0,0,0,0,0,2,5,1,4,3,4,51
3,2,3,0,0,0,0,1,0,0,0,0,0,1,0,0,0,2,5,0,3,4,3,
3,3,2,0,0,0,1,0,0,0,0,0,0,0,0,1,0,2,3,1,3,5,3,54
3,2,2,1,0,0,0,0,0,0,0,0,0,0,1,0,0,2,4,0,3,3,5,55
3,3,3,0,0,0,1,0,0,0,0,0,1,0,0,0,0,1,3,0,2,4,3,50.1
3,3,5,0,0,0,0,1,0,0,0,0,0,1,0,0,0,2,4,0,4,4,0,51
3,2,2,0,0,0,0,0,1,0,0,0,0,0,0,1,0,2,3,0,4,4,5,51.6
4,3,3,0,0,0,1,0,0,0,0,0,1,0,0,0,0,2,4,0,2,4,0,49.5
3,2,3,0,0,0,1,0,0,0,0,0,1,0,0,0,0,2,4,0,4,4,5,54
3,2,3,0,0,0,1,0,0,0,0,0,0,1,0,0,0,2,3,0,4,2,4,54.1
5,3,5,0,1,0,0,0,0,0,0,1,0,0,0,0,0,3,5,0,2,2,2,50
1,1,2,0,0,0,1,0,0,0,0,0,0,1,0,0,0,2,5,0,3,5,5,60
3,2,3,0,0,0,0,0,1,0,0,0,1,0,0,0,0,2,2,0,3,5,5,58.8
1,1,2,0,0,0,0,1,0,0,0,0,1,0,0,0,0,2,3,1,4,4,6,52
3,2,2,0,0,0,1,0,0,0,0,1,0,0,0,0,0,2,4,1,4,4,0,58.8
3,3,3,0,0,0,0,1,0,0,0,0,1,0,0,0,0,1,3,1,5,5,0,66.2
1,5,3,0,0,0,0,1,0,0,0,0,1,0,0,0,0,2,5,0,5,5,6,61.7
1,2,2,0,0,0,0,0,1,0,0,1,0,0,0,0,0,2,4,0,4,2,0,
5,5,5,0,0,0,0,1,0,0,0,0,0,0,0,0,1,2,5,0,5,5,6,54.8
5,1,1,0,0,0,0,0,1,0,0,0,0,1,0,0,0,1,5,0,4,4,5,51.5
3,3,3,0,0,0,0,1,0,0,0,0,1,0,0,0,0,2,2,1,3,4,3,55.3
3,5,5,0,1,0,0,0,0,0,0,0,1,0,0,0,0,3,5,0,1,4,0,59
1,3,3,0,0,0,0,1,0,0,0,0,1,0,0,0,0,2,4,0,2,4,0,55.4
3,3,3,0,0,0,0,0,1,0,0,0,0,0,0,0,1,2,3,1,4,5,5,54
4,2,5,0,0,0,0,1,0,0,0,0,1,0,0,0,0,2,3,0,1,3,3,
3,2,3,0,1,0,0,0,0,0,0,1,0,0,0,0,0,2,3,1,4,4,6,
3,3,3,0,1,0,0,0,0,0,0,0,1,0,0,0,0,2,3,1,4,3,3,53.4
3,3,5,0,0,0,0,1,0,0,0,0,1,0,0,0,0,2,5,0,2,3,0,60.1
4,5,5,0,0,0,0,0,1,0,0,0,0,0,0,0,1,2,4,0,2,3,1,41
1,2,3,0,0,0,0,1,0,0,0,0,1,0,0,0,0,1,5,0,3,5,1,49.9
3,3,2,0,0,0,0,0,1,0,0,1,0,0,0,0,0,2,4,1,2,5,6,
3,3,5,0,0,0,0,1,0,0,0,0,1,0,0,0,0,2,4,0,3,4,0,
3,3,3,0,0,0,0,1,0,0,0,0,1,0,0,0,0,2,4,0,3,4,2,
3,5,5,0,0,0,0,1,0,0,0,0,0,1,0,0,0,3,4,0,3,4,0,60
5,5,5,0,0,0,0,1,0,0,0,0,0,0,0,0,1,3,5,0,2,5,5,54.3
3,2,3,0,0,0,0,0,1,0,0,0,1,0,0,0,0,2,5,0,3,4,3,52
1,3,5,0,0,0,0,1,0,0,0,0,0,1,0,0,0,2,4,0,4,5,2,49
3,2,5,0,0,0,1,0,0,0,0,0,0,0,0,0,1,2,4,1,2,2,3,48.5
1,1,1,0,0,0,0,0,1,0,0,1,0,0,0,0,0,2,4,1,5,5,5,
1,2,3,0,0,0,0,1,0,0,0,1,0,0,0,0,0,3,5,0,3,3,2,56
3,5,5,0,0,0,0,1,0,0,0,0,1,0,0,0,0,2,1,0,2,3,0,55
3,3,3,0,0,0,1,0,0,0,0,0,0,1,0,0,0,2,4,1,4,5,3,52
1,3,5,0,0,0,0,1,0,0,0,0,1,0,0,0,0,2,4,0,3,2,2,
4,2,5,0,0,0,0,1,0,0,0,0,0,1,0,0,0,2,4,0,2,3,2,
1,3,5,0,0,0,0,1,0,0,0,0,1,0,0,0,0,2,4,1,3,5,0,
5,5,5,0,0,0,0,1,0,0,0,0,0,1,0,0,0,2,5,0,1,3,0,50
4,3,3,0,0,0,0,0,1,0,0,0,1,0,0,0,0,2,4,1,4,5,3,50
3,3,5,0,0,0,1,0,0,0,0,0,0,1,0,0,0,1,5,0,2,4,2,52
3,3,3,0,0,0,0,0,1,0,0,1,0,0,0,0,0,2,4,1,3,3,5,52
4,3,5,0,0,0,1,0,0,0,0,0,0,1,0,0,0,1,5,0,3,5,2,53.2
1,3,5,0,0,0,1,0,0,0,0,0,1,0,0,0,0,2,4,1,3,4,2,66
3,3,3,0,0,0,0,1,0,0,0,0,1,0,0,0,0,2,3,0,3,4,3,51.2
3,3,3,0,0,0,0,1,0,0,0,0,0,1,0,0,0,1,2,0,2,2,4,
1,3,3,0,0,0,0,1,0,0,0,0,1,0,0,0,0,2,5,0,3,4,4,54
4,3,5,0,0,0,0,1,0,0,0,0,1,0,0,0,0,2,4,0,3,4,4,62.7
4,3,3,0,0,0,1,0,0,0,0,0,0,1,0,0,0,2,3,1,3,5,4,
3,3,3,1,0,0,0,0,0,0,0,0,0,1,0,0,0,2,2,1,4,5,6,
3,2,2,0,0,0,1,0,0,0,0,1,0,0,0,0,0,2,5,1,3,5,6,68.3
3,3,5,0,0,0,0,1,0,0,0,0,0,1,0,0,0,3,3,0,1,4,0,
3,2,5,0,0,0,0,1,0,0,0,0,1,0,0,0,0,2,4,0,4,4,0,
3,1,2,0,0,0,1,0,0,0,0,0,0,0,0,1,0,2,4,1,3,3,4,55
3,3,5,0,0,0,1,0,0,0,0,0,1,0,0,0,0,2,4,0,3,4,4,53.6
3,2,3,0,0,0,0,0,1,0,0,1,0,0,0,0,0,1,4,1,1,4,0,50
3,3,3,0,0,0,0,1,0,0,0,0,1,0,0,0,0,2,4,0,3,5,3,57.9
3,1,1,0,0,0,0,1,0,0,0,0,0,0,0,1,0,3,4,1,5,5,5,60
3,3,3,0,0,0,0,1,0,0,0,0,1,0,0,0,0,2,4,1,2,2,2,61.8
1,5,5,0,0,0,1,0,0,0,0,0,1,0,0,0,0,2,3,1,2,5,3,
1,2,3,0,0,0,0,1,0,0,0,0,1,0,0,0,0,2,4,0,2,3,0,56.3
3,3,5,0,0,0,0,1,0,0,0,0,0,1,0,0,0,2,3,0,3,4,3,
1,5,3,0,0,0,0,1,0,0,0,0,0,1,0,0,0,2,5,0,5,5,3,54
3,5,5,0,0,0,0,1,0,0,0,0,1,0,0,0,0,2,2,0,2,5,0,
4,3,3,0,0,0,1,0,0,0,0,0,0,1,0,0,0,2,4,0,3,4,0,42
1,1,1,0,0,0,0,0,1,0,0,0,0,0,0,0,1,2,4,1,2,5,5,52
5,1,1,0,0,0,0,0,1,0,0,0,0,0,0,1,0,3,5,0,4,1,3,53.1
4,5,5,0,0,0,0,0,0,1,0,0,0,1,0,0,0,1,3,1,3,5,3,55
3,5,3,0,0,0,0,1,0,0,0,0,0,1,0,0,0,2,3,1,4,4,5,54.9
1,2,2,0,0,1,0,0,0,0,0,1,0,0,0,0,0,2,5,1,4,2,4,54
3,5,3,0,0,0,0,1,0,0,0,1,0,0,0,0,0,2,5,1,2,4,2,
1,5,5,0,1,0,0,0,0,0,0,0,0,1,0,0,0,2,5,0,1,5,0,
4,3,3,0,0,0,0,1,0,0,0,0,1,0,0,0,0,2,5,0,1,5,0,57
4,3,3,0,0,0,0,0,1,0,0,1,0,0,0,0,0,2,4,1,1,4,0,
1,5,5,0,1,0,0,0,0,0,0,0,1,0,0,0,0,3,4,0,4,4,5,53.4
3,5,5,0,0,0,1,0,0,0,0,0,0,1,0,0,0,2,2,1,2,3,1,60.8
3,3,3,0,0,0,1,0,0,0,0,0,1,0,0,0,0,2,3,0,2,4,2,
3,3,3,0,0,0,0,1,0,0,0,0,0,1,0,0,0,2,4,0,4,3,5,57.1
4,3,3,0,0,0,0,0,1,0,0,0,0,1,0,0,0,2,4,1,3,4,3,55.9
3,3,5,0,0,0,0,1,0,0,0,0,1,0,0,0,0,2,5,1,3,5,2,49
5,3,5,0,0,0,1,0,0,0,0,0,0,1,0,0,0,3,5,0,5,3,6,
4,3,3,0,0,0,0,1,0,0,0,0,0,0,0,0,1,1,4,1,4,2,5,51.5
3,1,1,0,0,0,1,0,0,0,0,1,0,0,0,0,0,2,5,1,4,4,4,54.1
4,5,5,0,0,0,0,1,0,0,0,0,0,1,0,0,0,3,4,0,2,4,2,58.4
3,1,2,0,0,0,1,0,0,0,0,0,1,0,0,0,0,2,4,1,2,4,3,
3,3,5,0,0,0,0,1,0,0,0,0,0,0,0,0,1,2,3,1,3,4,3,
3,5,5,0,0,0,0,1,0,0,0,0,1,0,0,0,0,2,3,1,4,5,0,55.1
1,2,3,0,0,0,1,0,0,0,0,0,0,0,0,1,0,2,5,1,3,4,2,50
3,5,5,0,0,0,0,1,0,0,0,0,0,0,0,1,0,1,4,0,3,4,2,47.9
3,2,3,0,0,0,0,0,1,0,0,0,1,0,0,0,0,1,3,1,3,3,2,
3,3,5,0,0,0,0,0,1,0,0,0,1,0,0,0,0,2,4,0,1,3,0,
3,3,5,0,0,0,0,1,0,0,0,0,0,1,0,0,0,2,3,1,4,5,4,56.3
4,3,5,0,0,0,0,1,0,0,0,1,0,0,0,0,0,2,4,0,4,4,3,52
3,2,3,0,0,0,0,1,0,0,0,1,0,0,0,0,0,1,4,1,3,4,4,52.1
3,3,3,0,0,0,0,1,0,0,0,0,0,0,0,0,1,1,4,0,3,4,0,50.8
3,1,2,0,0,0,0,0,1,0,0,1,0,0,0,0,0,2,5,0,4,3,3,49.3
3,2,3,0,0,0,0,0,1,0,0,0,0,1,0,0,0,2,4,1,3,5,4,54
3,2,3,0,0,0,0,1,0,0,0,0,1,0,0,0,0,2,4,1,3,2,5,59.4
3,1,1,0,0,0,1,0,0,0,0,1,0,0,0,0,0,3,2,1,2,5,5,
3,5,5,0,0,0,1,0,0,0,0,0,1,0,0,0,0,2,4,0,2,4,0,66.2
1,5,3,0,0,0,0,1,0,0,0,0,1,0,0,0,0,3,5,0,3,5,5,51.6
3,1,1,0,0,0,0,0,1,0,0,1,0,0,0,0,0,2,5,1,2,4,5,
3,2,2,0,0,0,0,0,1,0,0,1,0,0,0,0,0,2,4,1,4,4,4,53.5
1,1,1,0,0,0,0,0,1,0,0,1,0,0,0,0,0,3,5,0,4,1,5,66
5,3,3,1,0,0,0,0,0,0,0,0,0,0,0,0,1,1,4,1,5,5,5,57.2
1,1,3,0,1,0,0,0,0,0,0,0,0,0,0,1,0,2,5,0,3,3,3,53
3,2,1,0,0,0,0,0,0,1,0,0,0,0,1,0,0,1,4,1,3,2,3,51.27
3,2,3,0,0,1,0,0,0,0,0,0,1,0,0,0,0,2,3,1,4,2,4,57.8
3,3,5,0,0,0,0,0,1,0,0,0,0,0,0,0,1,2,2,0,4,2,2,
3,5,5,0,0,0,0,1,0,0,0,0,0,1,0,0,0,3,4,0,3,2,0,56.9
3,2,5,0,1,0,0,0,0,0,0,1,0,0,0,0,0,2,4,1,4,5,5,
3,3,3,0,0,0,0,1,0,0,0,0,0,1,0,0,0,2,5,0,3,5,4,56.1
3,2,2,1,0,0,0,0,0,0,0,1,0,0,0,0,0,2,4,1,3,3,3,54
3,3,5,0,0,0,0,1,0,0,0,0,1,0,0,0,0,1,4,0,3,5,5,60
3,2,3,0,0,0,0,0,1,0,0,1,0,0,0,0,0,2,4,1,4,3,4,51.7
3,3,3,0,0,0,0,1,0,0,0,0,1,0,0,0,0,1,3,1,2,4,4,52.3
3,3,5,0,0,0,0,1,0,0,0,0,0,0,0,0,1,2,5,0,5,4,5,53
3,3,3,0,1,0,0,0,0,0,0,0,0,0,1,0,0,2,3,1,3,3,3,54
4,2,1,0,0,0,0,0,1,0,0,1,0,0,0,0,0,2,4,1,3,5,4,54.3
1,1,5,0,0,0,0,0,1,0,0,1,0,0,0,0,0,2,5,0,5,3,6,53
1,1,2,1,0,0,0,0,0,0,0,1,0,0,0,0,0,2,3,1,5,4,5,54.5
5,5,5,0,0,0,0,1,0,0,0,0,0,0,0,0,1,2,4,0,4,5,5,54.1
4,5,5,0,0,0,0,1,0,0,0,0,0,1,0,0,0,3,4,0,2,4,2,57.6
3,1,3,0,0,0,1,0,0,0,0,1,0,0,0,0,0,2,5,0,4,4,4,56.1
3,2,3,0,0,0,1,0,0,0,0,1,0,0,0,0,0,2,3,1,4,2,4,53.8
3,5,5,0,0,0,0,0,0,1,0,0,1,0,0,0,0,1,3,1,2,5,4,60
3,2,3,1,0,0,0,0,0,0,0,1,0,0,0,0,0,2,4,1,2,4,5,62
3,3,3,0,0,0,0,1,0,0,0,0,0,1,0,0,0,2,4,0,2,4,3,53
3,5,5,0,0,0,0,1,0,0,0,0,1,0,0,0,0,2,3,0,4,4,4,53
1,3,3,0,1,0,0,0,0,0,0,0,1,0,0,0,0,2,3,1,5,3,6,55.5
3,1,1,0,0,0,1,0,0,0,0,1,0,0,0,0,0,2,4,0,4,4,3,
1,1,1,0,1,0,0,0,0,0,0,0,0,0,0,1,0,3,5,1,3,5,6,
5,5,3,0,0,0,0,0,1,0,0,0,0,1,0,0,0,2,4,0,1,4,4,
4,5,5,0,0,0,1,0,0,0,0,0,1,0,0,0,0,2,3,0,3,4,3,
3,3,5,0,0,0,0,1,0,0,0,0,0,0,0,1,0,3,5,0,4,1,6,
4,5,5,0,0,0,1,0,0,0,0,0,1,0,0,0,0,2,3,0,4,5,4,
3,3,2,0,0,0,0,1,0,0,0,0,1,0,0,0,0,2,2,0,5,1,6,54.1
3,3,5,0,0,0,1,0,0,0,0,0,1,0,0,0,0,2,3,0,3,4,3,
3,1,5,1,0,0,0,0,0,0,0,0,0,0,1,0,0,2,5,0,4,5,6,
1,3,1,0,0,0,1,0,0,0,0,0,0,0,0,0,1,1,2,1,2,5,0,44.2
3,3,5,0,0,0,0,1,0,0,0,0,0,0,0,1,0,2,4,0,4,4,2,
4,3,3,0,0,0,1,0,0,0,0,0,1,0,0,0,0,2,5,0,4,3,4,55.2
4,3,3,0,1,0,0,0,0,0,0,0,0,0,0,1,0,2,4,1,2,4,2,47
3,5,5,0,0,0,1,0,0,0,0,0,0,1,0,0,0,2,4,0,2,4,0,52
1,3,5,0,0,0,0,1,0,0,0,0,1,0,0,0,0,2,4,0,3,4,2,49.5
3,3,3,0,0,0,0,1,0,0,0,0,1,0,0,0,0,2,4,0,2,4,4,57
1,3,3,0,0,0,0,1,0,0,0,0,0,1,0,0,0,2,3,1,3,5,4,
4,2,3,0,0,0,0,1,0,0,0,1,0,0,0,0,0,2,4,1,4,4,3,
4,3,5,0,0,0,0,1,0,0,0,0,0,1,0,0,0,2,5,0,3,5,4,52.3
1,2,2,0,0,0,0,1,0,0,0,0,0,1,0,0,0,2,5,0,4,5,4,55
1,3,5,0,1,0,0,0,0,0,0,0,0,0,0,1,0,2,5,0,2,3,3,
3,5,5,0,0,0,0,1,0,0,0,0,0,1,0,0,0,1,4,1,4,4,3,52.2
1,5,3,0,0,0,1,0,0,0,0,0,0,1,0,0,0,2,3,1,4,3,5,53.2
4,3,3,0,0,0,0,0,1,0,0,0,1,0,0,0,0,2,5,0,3,2,2,50
3,3,3,0,0,0,0,1,0,0,0,0,0,0,0,1,0,3,4,0,4,4,4,55.4
3,5,5,0,0,0,0,1,0,0,0,0,1,0,0,0,0,3,5,0,5,4,3,52
4,3,3,0,0,0,0,1,0,0,0,0,0,1,0,0,0,2,5,0,3,3,2,46
3,2,3,0,0,0,0,1,0,0,0,0,1,0,0,0,0,2,4,0,3,2,3,51.5
1,1,5,0,0,0,0,1,0,0,0,0,0,1,0,0,0,2,1,0,3,1,4,50.34
3,3,5,0,0,0,1,0,0,0,0,0,0,1,0,0,0,2,3,0,3,4,0,57
1,3,5,0,0,0,1,0,0,0,0,0,0,1,0,0,0,1,3,1,4,5,4,55.1
1,3,5,0,0,1,0,0,0,0,0,0,1,0,0,0,0,1,3,0,4,4,0,59
3,3,3,0,0,0,0,0,1,0,0,0,0,1,0,0,0,1,4,0,3,5,3,49
4,2,2,0,0,0,1,0,0,0,0,0,0,1,0,0,0,1,3,1,3,5,5,53.2
1,4,5,0,0,0,0,1,0,0,0,0,1,0,0,0,0,1,1,0,5,3,6,
1,5,5,0,0,0,1,0,0,0,0,0,0,1,0,0,0,2,4,0,5,4,2,65
1,3,3,0,0,0,0,1,0,0,0,0,1,0,0,0,0,2,4,0,2,4,1,46
1,3,3,0,0,0,0,1,0,0,0,0,1,0,0,0,0,2,5,0,5,5,4,52.7
3,3,3,0,0,0,1,0,0,0,0,0,1,0,0,0,0,2,4,1,3,5,4,52.5
3,3,5,0,0,0,0,0,1,0,0,0,0,1,0,0,0,2,4,1,2,5,3,51.7
4,3,3,0,0,0,1,0,0,0,0,0,0,0,0,0,1,2,5,0,2,4,2,68.4
5,3,5,0,0,0,1,0,0,0,0,0,0,0,0,0,1,2,4,0,4,5,1,54.6
1,5,5,0,1,0,0,0,0,0,0,0,0,1,0,0,0,2,2,1,2,4,0,52.6
1,1,1,0,0,0,0,0,1,0,0,1,0,0,0,0,0,3,5,0,5,3,5,55.7
3,3,5,0,0,0,0,1,0,0,0,0,1,0,0,0,0,1,4,0,2,5,2,52.3
2,1,2,0,0,0,1,0,0,0,0,0,1,0,0,0,0,2,2,1,2,4,2,50.4
4,2,5,0,0,0,1,0,0,0,0,0,0,1,0,0,0,2,5,0,4,5,4,69.8
4,2,5,0,0,0,1,0,0,0,0,0,0,1,0,0,0,2,5,0,4,5,4,69.8
4,3,3,0,0,0,0,1,0,0,0,0,1,0,0,0,0,2,5,0,3,4,3,51.8
2,3,4,0,0,0,0,1,0,0,0,0,0,0,0,0,1,2,5,0,2,4,2,60
3,4,5,0,0,0,0,1,0,0,0,0,1,0,0,0,0,2,3,0,4,4,2,52.2
4,3,4,0,0,0,0,1,0,0,0,0,0,0,0,0,1,2,3,1,4,5,3,55.7
3,5,5,0,0,0,0,1,0,0,0,0,1,0,0,0,0,2,4,0,2,4,3,51.2
4,3,4,0,0,0,0,0,0,0,1,0,0,0,0,0,1,3,4,0,1,5,0,
2,4,4,0,0,0,0,1,0,0,0,0,0,1,0,0,0,1,5,0,4,5,3,49
3,4,5,0,0,0,0,1,0,0,0,0,1,0,0,0,0,2,4,0,3,5,3,55.4
4,3,4,0,0,0,1,0,0,0,0,0,1,0,0,0,0,2,3,0,3,4,3,52.8
3,4,4,0,0,0,1,0,0,0,0,0,1,0,0,0,0,3,4,1,4,4,4,53.4
2,4,4,0,0,0,0,1,0,0,0,0,0,0,1,0,0,2,3,0,5,5,4,
3,1,3,0,1,0,0,0,0,0,0,0,0,0,0,0,1,1,5,1,5,5,6,60
2,5,4,0,0,0,0,1,0,0,0,0,1,0,0,0,0,2,4,1,4,4,5,53.4
1,1,1,1,0,0,0,0,0,0,0,0,0,0,0,1,0,1,4,1,4,5,3,51.6
3,4,4,0,0,0,1,0,0,0,0,0,1,0,0,0,0,2,4,0,2,4,3,52.1
2,3,3,0,0,0,0,0,0,0,1,0,1,0,0,0,0,2,5,0,3,4,3,54
2,4,4,0,0,0,1,0,0,0,0,0,1,0,0,0,0,2,4,1,4,3,3,
2,5,5,0,0,0,1,0,0,0,0,0,0,1,0,0,0,2,4,0,3,4,2,51.3
3,4,4,0,0,0,0,1,0,0,0,0,0,1,0,0,0,2,4,0,5,5,5,56
5,5,4,0,0,0,1,0,0,0,0,0,0,1,0,0,0,2,4,0,2,4,4,53.3
1,3,3,1,0,0,0,0,0,0,0,0,0,1,0,0,0,2,5,1,3,3,0,
2,5,4,0,1,0,0,0,0,0,0,0,0,0,0,1,0,2,4,1,3,4,3,50.8
5,5,5,0,0,0,0,0,0,0,1,0,0,1,0,0,0,3,5,0,3,3,6,63
2,2,3,0,0,0,0,0,1,0,0,0,1,0,0,0,0,2,5,1,3,4,4,54.3
1,3,3,0,0,0,0,0,0,0,1,0,0,1,0,0,0,3,5,0,3,5,4,66
3,4,3,0,0,0,0,1,0,0,0,0,0,1,0,0,0,2,3,0,5,2,4,59.6
5,4,4,0,0,0,0,1,0,0,0,0,1,0,0,0,0,3,5,0,3,4,5,60
4,5,5,0,0,0,0,1,0,0,0,0,0,0,0,0,1,3,4,0,2,5,0,
4,3,5,0,0,0,0,1,0,0,0,0,1,0,0,0,0,2,5,0,2,4,4,50
3,3,4,0,0,0,1,0,0,0,0,0,1,0,0,0,0,2,4,0,3,4,0,
1,4,4,0,0,0,1,0,0,0,0,0,1,0,0,0,0,2,3,0,4,5,4,54
1,3,4,0,0,0,0,1,0,0,0,0,1,0,0,0,0,2,4,1,3,4,5,54.3
2,5,4,0,0,0,0,0,0,0,1,0,1,0,0,0,0,1,1,1,3,5,3,53
3,4,4,0,0,0,0,1,0,0,0,0,0,1,0,0,0,2,3,1,4,4,3,
1,1,2,0,0,0,0,1,0,0,0,0,1,0,0,0,0,2,4,1,2,1,5,65
4,3,3,0,0,0,0,0,0,0,1,0,0,1,0,0,0,2,2,0,2,5,0,49
3,4,3,0,0,0,0,0,1,0,0,0,1,0,0,0,0,2,3,1,4,3,1,54.2
3,5,5,0,0,0,0,1,0,0,0,0,1,0,0,0,0,2,4,0,3,4,6,59
2,2,5,0,1,0,0,0,0,0,0,0,0,1,0,0,0,1,1,1,3,4,3,53
1,3,5,0,0,0,1,0,0,0,0,0,1,0,0,0,0,2,4,0,3,4,1,54.5
4,2,4,0,0,1,0,0,0,0,0,0,1,0,0,0,0,2,5,0,5,5,3,53
1,4,4,0,0,0,0,1,0,0,0,0,0,1,0,0,0,2,1,0,3,1,3,
3,1,1,1,0,0,0,0,0,0,0,1,0,0,0,0,0,2,5,1,3,1,5,56.6
1,1,2,0,1,0,0,0,0,0,0,0,0,0,0,1,0,2,3,1,4,2,3,
3,5,5,0,0,0,0,0,1,0,0,0,1,0,0,0,0,1,5,1,1,2,3,51
2,3,5,0,0,0,0,1,0,0,0,0,1,0,0,0,0,2,4,0,3,3,0,59
3,2,3,0,1,0,0,0,0,0,0,0,0,1,0,0,0,3,4,0,2,1,4,56.8
3,2,3,0,1,0,0,0,0,0,0,0,0,1,0,0,0,3,4,0,2,1,4,56.8
1,1,1,1,0,0,0,0,0,0,0,1,0,0,0,0,0,1,5,1,5,1,1,
3,3,3,0,0,0,0,1,0,0,0,0,1,0,0,0,0,2,3,0,2,5,2,50
4,4,3,0,0,0,0,1,0,0,0,0,1,0,0,0,0,1,4,0,5,5,5,52.9
3,3,3,0,0,0,0,0,1,0,0,0,1,0,0,0,0,2,4,1,1,3,3,
2,3,4,0,0,0,0,1,0,0,0,0,1,0,0,0,0,2,5,1,4,5,4,
2,3,3,0,0,0,0,0,1,0,0,0,0,0,0,1,0,1,2,0,3,3,2,48.7
3,3,4,0,0,0,0,0,1,0,0,0,1,0,0,0,0,2,4,1,3,5,0,50.9
3,2,1,0,0,0,0,1,0,0,0,0,0,0,0,1,0,2,3,0,5,2,4,
3,4,5,0,0,0,0,0,1,0,0,0,1,0,0,0,0,2,4,0,2,4,6,
2,2,5,0,0,0,0,1,0,0,0,0,1,0,0,0,0,2,2,0,2,4,2,
1,4,4,1,0,0,0,0,0,0,0,0,1,0,0,0,0,2,3,0,2,4,0,
1,4,5,0,0,0,0,1,0,0,0,0,1,0,0,0,0,2,4,0,3,4,0,
1,4,4,0,0,1,0,0,0,0,0,0,1,0,0,0,0,2,4,1,3,5,5,61.2
1,5,5,0,0,0,0,1,0,0,0,0,1,0,0,0,0,3,3,0,4,1,3,53
4,4,4,0,0,0,1,0,0,0,0,0,1,0,0,0,0,1,5,0,4,4,5,
2,4,4,0,0,0,1,0,0,0,0,0,0,1,0,0,0,2,4,1,3,5,5,55.1
2,3,4,0,0,0,0,1,0,0,0,0,0,1,0,0,0,2,5,0,3,4,4,60
2,2,4,0,1,0,0,0,0,0,0,0,0,0,0,1,0,2,4,1,4,4,5,53.3
3,3,3,0,0,0,0,1,0,0,0,0,0,1,0,0,0,1,3,0,1,4,0,
2,2,2,0,0,0,0,0,1,0,0,0,0,0,0,1,0,2,4,1,4,4,5,56.4
4,5,5,0,0,0,1,0,0,0,0,0,0,1,0,0,0,2,4,1,2,5,2,
2,2,4,0,0,0,1,0,0,0,0,0,0,0,1,0,0,2,1,1,3,5,3,59
3,2,2,0,0,0,0,0,1,0,0,1,0,0,0,0,0,1,1,0,3,3,0,58.5
2,3,5,0,0,0,0,0,0,0,1,0,1,0,0,0,0,2,3,0,3,4,4,56.8
2,5,5,0,0,0,0,1,0,0,0,0,0,0,0,0,1,2,5,1,3,4,2,
3,4,4,0,0,0,1,0,0,0,0,0,0,0,0,0,1,2,4,1,2,4,4,
3,3,4,0,0,0,0,1,0,0,0,0,1,0,0,0,0,2,4,0,3,5,3,52.9
4,1,2,0,1,0,0,0,0,0,0,1,0,0,0,0,0,1,4,1,3,5,2,
2,5,5,0,0,0,0,1,0,0,0,0,1,0,0,0,0,2,5,1,2,5,2,
1,4,2,0,0,0,0,1,0,0,0,0,0,1,0,0,0,3,2,0,5,3,4,56
5,1,4,0,0,0,0,0,1,0,0,0,0,1,0,0,0,2,5,0,2,4,3,
4,4,4,0,0,0,0,1,0,0,0,0,0,0,0,0,1,2,4,0,3,4,3,53.9
3,4,3,0,0,0,0,1,0,0,0,0,0,1,0,0,0,2,4,0,3,5,2,
2,2,3,1,0,0,0,0,0,0,0,0,0,0,1,0,0,2,4,1,3,3,3,60
4,3,5,0,0,0,0,1,0,0,0,0,0,1,0,0,0,2,4,0,1,3,3,52.1
1,4,1,0,0,0,1,0,0,0,0,0,0,1,0,0,0,2,3,0,3,3,2,
4,3,3,0,0,0,0,1,0,0,0,0,1,0,0,0,0,2,4,1,2,4,2,50.6
1,5,5,0,0,0,0,1,0,0,0,0,1,0,0,0,0,3,5,0,3,3,2,51
1,5,5,0,0,0,0,1,0,0,0,0,0,1,0,0,0,1,1,0,2,5,3,54.6
3,4,4,0,0,0,0,1,0,0,0,0,0,0,0,0,1,2,3,0,2,4,2,49.3
2,5,5,0,0,0,0,1,0,0,0,0,1,0,0,0,0,1,4,0,1,4,0,
2,2,4,0,0,0,0,1,0,0,0,0,0,0,0,1,0,2,5,0,4,5,5,52
4,3,3,0,0,0,1,0,0,0,0,0,0,1,0,0,0,2,4,0,2,2,2,50
3,4,4,0,0,0,0,1,0,0,0,0,0,1,0,0,0,2,3,0,3,4,2,50.8
2,2,3,0,0,0,0,1,0,0,0,0,0,0,0,0,1,1,3,0,2,5,3,54.1
2,2,5,0,0,0,0,1,0,0,0,0,1,0,0,0,0,2,5,0,1,5,0,50
3,4,4,0,0,0,0,0,0,0,1,0,1,0,0,0,0,1,3,0,2,4,0,50.5
3,2,2,0,0,0,0,0,1,0,0,0,0,0,0,0,1,2,5,1,2,5,4,
3,3,4,0,0,0,0,0,0,0,1,0,0,1,0,0,0,2,4,0,1,5,0,59.1
4,3,4,0,0,0,0,1,0,0,0,0,0,1,0,0,0,2,5,1,3,5,2,51.3
3,3,4,0,0,0,0,1,0,0,0,0,1,0,0,0,0,1,3,0,2,4,2,49
2,4,5,0,0,0,0,0,1,0,0,0,1,0,0,0,0,1,3,0,2,4,1,50.9
2,3,3,0,0,0,0,0,1,0,0,0,1,0,0,0,0,3,3,0,2,5,0,52.7
1,5,5,0,1,0,0,0,0,0,0,0,1,0,0,0,0,3,4,0,3,4,4,
3,4,5,0,0,0,0,0,1,0,0,0,0,1,0,0,0,2,5,0,2,4,2,
5,5,5,0,0,0,0,1,0,0,0,0,0,1,0,0,0,2,5,1,1,1,0,
1,2,2,0,0,0,0,0,1,0,0,0,1,0,0,0,0,2,3,0,4,2,5,56.1
3,4,4,0,0,0,0,1,0,0,0,0,1,0,0,0,0,2,4,1,3,5,3,50.9
3,2,3,0,1,0,0,0,0,0,0,0,1,0,0,0,0,2,3,1,2,5,2,46.7
2,5,5,0,0,0,0,1,0,0,0,0,1,0,0,0,0,2,3,0,4,4,5,53.5
3,4,3,0,0,0,1,0,0,0,0,0,1,0,0,0,0,2,3,1,2,4,3,50.5
2,2,2,0,0,0,0,0,1,0,0,1,0,0,0,0,0,1,5,1,4,5,5,56
5,5,5,0,0,0,0,0,0,0,1,0,0,0,0,0,1,3,5,0,4,1,5,
1,1,1,0,0,0,0,0,1,0,0,1,0,0,0,0,0,3,5,0,1,5,6,
1,1,1,0,1,0,0,0,0,0,0,0,0,0,1,0,0,3,4,1,4,5,5,
1,1,3,1,0,0,0,0,0,0,0,0,0,0,1,0,0,3,5,1,2,5,6,60
3,1,4,0,0,0,0,1,0,0,0,0,1,0,0,0,0,2,5,1,4,3,3,
2,5,5,0,0,0,0,0,1,0,0,0,1,0,0,0,0,2,5,0,4,4,4,
2,1,5,0,0,0,0,1,0,0,0,0,1,0,0,0,0,2,3,1,4,4,5,
3,2,2,0,0,0,0,0,1,0,0,1,0,0,0,0,0,1,5,1,5,1,4,55
2,2,3,0,0,0,0,1,0,0,0,0,1,0,0,0,0,1,2,1,4,5,0,54.2
2,5,4,0,0,0,1,0,0,0,0,0,1,0,0,0,0,1,2,1,5,4,3,55
1,4,4,0,0,0,0,1,0,0,0,0,0,1,0,0,0,2,2,0,5,4,4,64.6
2,3,3,0,0,0,0,1,0,0,0,0,0,1,0,0,0,2,3,0,5,5,5,56
4,4,4,0,0,0,1,0,0,0,0,0,0,1,0,0,0,2,4,0,2,4,0,62.8
3,3,3,0,1,0,0,0,0,0,0,0,1,0,0,0,0,2,4,1,5,5,2,45
3,5,5,0,0,0,0,1,0,0,0,0,0,1,0,0,0,3,4,0,3,5,5,
3,1,2,0,0,0,0,0,1,0,0,1,0,0,0,0,0,2,5,0,5,3,0,50.6
1,2,4,0,0,0,0,1,0,0,0,1,0,0,0,0,0,3,4,1,2,4,3,53.1
2,3,3,0,0,0,0,1,0,0,0,1,0,0,0,0,0,3,5,0,4,3,4,52
4,3,1,0,0,0,0,0,1,0,0,1,0,0,0,0,0,1,5,1,5,4,4,
5,3,4,0,0,0,0,0,0,0,1,0,0,0,0,0,1,1,5,0,4,4,2,57.2
2,1,2,0,0,0,0,0,0,1,0,0,0,0,0,1,0,2,4,1,3,5,4,
3,3,3,0,0,0,0,1,0,0,0,0,0,1,0,0,0,2,3,0,3,5,4,52
1,3,5,0,0,0,0,1,0,0,0,0,0,1,0,0,0,2,3,1,4,5,4,57
3,4,4,0,0,0,0,1,0,0,0,0,0,0,0,1,0,3,5,0,5,4,6,
1,4,5,0,0,0,0,1,0,0,0,0,1,0,0,0,0,3,3,0,1,2,0,
1,1,1,0,1,0,0,0,0,0,0,1,0,0,0,0,0,3,5,0,3,1,6,58
3,4,4,0,0,0,0,1,0,0,0,0,0,1,0,0,0,2,4,0,3,4,4,55.9
4,2,2,0,0,0,0,0,1,0,0,1,0,0,0,0,0,2,5,1,4,4,3,50.6
3,1,4,0,0,0,0,0,0,1,0,1,0,0,0,0,0,3,4,1,4,5,3,54
4,3,1,0,0,0,0,1,0,0,0,0,0,0,0,1,0,2,5,1,3,5,2,54.3
1,1,1,0,0,0,0,0,1,0,0,1,0,0,0,0,0,3,5,1,4,5,3,
1,5,5,0,0,0,0,1,0,0,0,0,1,0,0,0,0,2,3,0,4,4,2,52.5
1,4,4,0,0,0,1,0,0,0,0,0,0,0,0,1,0,1,5,0,3,3,0,53
5,3,4,0,0,0,0,1,0,0,0,0,0,1,0,0,0,2,5,0,3,5,2,
2,4,3,0,0,0,0,1,0,0,0,0,1,0,0,0,0,2,4,1,5,4,3,58.9
3,2,4,0,0,0,1,0,0,0,0,0,0,1,0,0,0,1,5,0,3,4,6,
4,3,2,0,1,0,0,0,0,0,0,0,0,1,0,0,0,2,5,0,3,5,5,53
1,5,5,1,0,0,0,0,0,0,0,0,0,0,0,1,0,1,3,1,1,1,0,
4,3,4,0,0,0,0,0,0,0,1,0,0,1,0,0,0,3,5,0,4,5,5,53.8
3,5,5,0,0,0,0,1,0,0,0,0,0,1,0,0,0,2,5,1,4,4,2,
2,1,1,0,0,0,1,0,0,0,0,1,0,0,0,0,0,2,3,1,4,3,3,53.7
2,1,1,0,0,0,0,0,1,0,0,0,1,0,0,0,0,2,3,1,4,4,2,52.2
4,3,3,0,0,0,0,1,0,0,0,1,0,0,0,0,0,2,4,1,5,5,4,55.3
4,3,4,0,0,0,0,1,0,0,0,0,1,0,0,0,0,2,4,1,2,4,2,48
1,1,5,0,0,1,0,0,0,0,0,0,0,0,1,0,0,3,5,0,5,1,0,
1,1,1,0,0,0,0,0,1,0,0,1,0,0,0,0,0,1,1,1,5,5,0,
4,4,4,0,0,0,0,1,0,0,0,0,0,1,0,0,0,2,5,0,3,4,2,55
3,2,3,0,0,0,0,1,0,0,0,1,0,0,0,0,0,2,4,0,2,4,2,
1,4,4,0,0,0,0,1,0,0,0,0,1,0,0,0,0,3,3,0,3,4,4,54.1
3,4,5,0,0,0,1,0,0,0,0,0,0,0,0,0,1,2,4,0,3,5,3,52.8
1,1,1,0,0,0,0,0,0,1,0,1,0,0,0,0,0,2,5,1,4,4,3,54
2,3,4,0,0,0,0,1,0,0,0,0,1,0,0,0,0,2,5,1,3,5,3,51.2
2,4,4,0,0,0,1,0,0,0,0,0,1,0,0,0,0,2,4,0,4,3,2,
3,3,5,0,0,0,0,1,0,0,0,0,1,0,0,0,0,2,4,0,3,4,3,
2,3,4,0,0,0,0,1,0,0,0,0,1,0,0,0,0,2,2,0,3,1,3,52.1
5,5,5,0,0,0,0,0,0,0,1,0,0,1,0,0,0,2,4,0,3,5,1,55.9
2,2,2,0,0,0,0,0,1,0,0,1,0,0,0,0,0,2,4,1,3,4,4,54.1
2,1,3,0,0,0,0,1,0,0,0,1,0,0,0,0,0,2,4,0,4,3,2,
4,2,4,0,0,0,0,1,0,0,0,0,1,0,0,0,0,3,4,0,1,4,0,
4,4,4,0,0,0,0,1,0,0,0,0,0,1,0,0,0,2,4,0,2,4,0,52
3,3,4,0,0,1,0,0,0,0,0,0,1,0,0,0,0,2,3,0,2,4,0,
3,2,4,0,1,0,0,0,0,0,0,0,0,1,0,0,0,2,4,1,2,4,2,55
3,4,4,0,0,0,0,1,0,0,0,0,0,1,0,0,0,1,4,0,5,5,2,60.5
2,1,3,0,0,0,0,0,1,0,0,0,1,0,0,0,0,2,4,1,3,4,3,
3,3,4,0,0,0,0,1,0,0,0,0,0,1,0,0,0,1,4,1,2,2,3,52
4,4,4,0,0,0,0,1,0,0,0,0,1,0,0,0,0,2,4,0,3,4,3,54.6
2,1,3,0,1,0,0,0,0,0,0,1,0,0,0,0,0,2,5,1,4,3,3,49.4
4,3,4,0,0,0,0,1,0,0,0,0,1,0,0,0,0,2,4,0,3,4,2,
4,2,4,0,0,0,0,1,0,0,0,0,0,0,0,0,1,2,5,1,3,4,3,55
2,5,3,0,0,0,0,1,0,0,0,0,0,0,0,1,0,2,3,1,2,4,1,
1,4,4,0,0,0,0,1,0,0,0,0,1,0,0,0,0,2,4,1,4,4,2,64
3,3,4,0,0,0,0,1,0,0,0,0,0,0,0,0,1,2,5,0,2,5,3,
2,5,5,0,0,0,0,1,0,0,0,0,1,0,0,0,0,2,4,0,2,4,0,
2,3,4,0,0,0,0,1,0,0,0,0,0,1,0,0,0,2,4,1,2,4,2,52.5
3,2,3,0,0,0,1,0,0,0,0,0,0,0,0,1,0,2,4,1,3,5,3,50.5
4,4,4,0,0,0,0,0,0,0,1,0,0,1,0,0,0,1,3,0,2,5,2,49
1,3,5,0,0,0,0,1,0,0,0,0,1,0,0,0,0,2,4,0,5,4,4,68.8
1,5,5,0,0,0,0,1,0,0,0,0,0,1,0,0,0,3,4,0,3,4,0,53.4
5,2,4,1,0,0,0,0,0,0,0,0,0,1,0,0,0,2,5,1,2,5,0,
3,4,4,0,0,0,0,1,0,0,0,0,0,1,0,0,0,2,4,1,2,4,0,50
2,4,4,0,0,0,0,1,0,0,0,0,1,0,0,0,0,2,4,0,3,4,0,51.5
1,3,4,0,0,0,0,1,0,0,0,0,1,0,0,0,0,2,4,0,4,4,3,50.9
1,4,4,0,0,0,0,1,0,0,0,0,0,1,0,0,0,2,3,0,5,4,5,58
3,1,3,0,0,0,0,1,0,0,0,0,1,0,0,0,0,2,4,1,4,3,5,59.4
1,3,5,0,0,0,0,1,0,0,0,0,0,0,0,0,1,2,5,0,2,1,3,
3,3,3,0,0,0,0,1,0,0,0,0,0,1,0,0,0,2,4,0,4,5,3,55.6
5,3,4,0,0,0,0,1,0,0,0,0,0,1,0,0,0,3,4,0,3,4,4,51.9
1,4,5,0,0,0,1,0,0,0,0,0,0,1,0,0,0,2,4,0,5,4,4,52.5
3,4,2,0,0,0,0,0,1,0,0,0,1,0,0,0,0,2,4,1,4,4,5,61.4
4,4,3,0,0,0,0,1,0,0,0,0,1,0,0,0,0,2,4,1,1,5,0,
2,2,2,0,1,0,0,0,0,0,0,1,0,0,0,0,0,2,3,1,5,4,3,48.6
4,5,5,0,0,0,1,0,0,0,0,0,0,1,0,0,0,2,5,1,2,2,2,51.7
4,3,5,0,0,0,0,1,0,0,0,0,0,0,0,0,1,2,5,0,3,4,5,
2,3,3,0,1,0,0,0,0,0,0,1,0,0,0,0,0,2,4,1,4,4,3,51
4,4,5,0,0,0,1,0,0,0,0,0,0,1,0,0,0,2,5,0,3,5,5,53
4,3,4,0,0,0,0,0,1,0,0,0,0,0,0,0,1,2,5,0,1,2,0,
3,2,5,0,0,0,1,0,0,0,0,0,0,0,0,0,1,2,4,1,3,4,2,54.5
4,4,4,0,0,0,0,1,0,0,0,0,1,0,0,0,0,2,5,0,4,5,3,52
1,4,5,0,0,0,1,0,0,0,0,0,0,1,0,0,0,3,5,0,5,5,3,52
2,3,3,0,0,0,0,1,0,0,0,0,0,0,0,1,0,2,4,1,5,5,5,
3,3,2,0,0,0,0,0,1,0,0,0,0,0,0,1,0,2,3,0,4,1,3,54.3
1,3,4,0,0,0,1,0,0,0,0,0,1,0,0,0,0,2,4,1,3,4,4,
3,3,3,0,0,0,0,1,0,0,0,0,1,0,0,0,0,2,3,1,4,5,4,61.3
3,4,4,0,0,0,0,1,0,0,0,0,1,0,0,0,0,2,4,0,3,4,0,51.9
3,3,3,0,0,0,0,1,0,0,0,0,1,0,0,0,0,2,3,1,3,4,4,51.5
4,2,2,0,0,0,0,0,1,0,0,1,0,0,0,0,0,1,5,0,5,5,4,
2,3,4,0,0,0,0,1,0,0,0,0,0,1,0,0,0,2,3,0,4,4,3,54
4,3,3,0,0,0,0,1,0,0,0,0,0,1,0,0,0,2,3,1,2,3,1,
3,3,3,0,0,0,0,1,0,0,0,0,1,0,0,0,0,3,1,1,3,3,3,55
2,3,5,0,0,0,0,1,0,0,0,0,1,0,0,0,0,2,3,0,2,4,4,53.2
1,2,2,0,0,0,0,0,1,0,0,1,0,0,0,0,0,2,4,1,3,4,5,55
3,4,4,0,0,0,0,1,0,0,0,0,0,0,0,1,0,2,5,0,1,3,0,
1,5,5,0,0,0,0,1,0,0,0,0,1,0,0,0,0,2,3,1,2,4,3,
4,3,3,0,0,0,1,0,0,0,0,1,0,0,0,0,0,2,5,0,1,4,2,45
3,3,4,0,0,0,1,0,0,0,0,0,0,1,0,0,0,2,4,0,4,4,5,53.7
2,3,3,0,0,0,1,0,0,0,0,0,1,0,0,0,0,2,3,1,2,2,2,
3,5,5,0,0,0,1,0,0,0,0,0,1,0,0,0,0,2,4,0,2,4,0,
4,5,5,0,0,0,0,1,0,0,0,0,0,1,0,0,0,2,5,0,1,1,0,
1,1,3,0,0,0,0,0,1,0,0,1,0,0,0,0,0,1,2,0,2,2,2,51.8
3,2,4,0,1,0,0,0,0,0,0,0,0,0,0,1,0,3,5,1,2,4,5,55
1,4,4,0,0,0,0,1,0,0,0,0,1,0,0,0,0,2,3,0,2,2,0,
4,2,4,0,0,0,0,1,0,0,0,0,1,0,0,0,0,2,4,1,3,5,3,64
1,1,1,0,0,0,0,0,1,0,0,1,0,0,0,0,0,2,4,1,2,4,3,
5,4,4,0,0,0,1,0,0,0,0,0,0,0,0,0,1,2,4,1,5,5,0,
2,1,1,0,0,0,0,0,1,0,0,1,0,0,0,0,0,1,3,1,4,3,5,52.2
3,2,4,0,0,0,0,1,0,0,0,0,0,0,0,0,1,2,4,0,1,3,0,50
5,5,5,0,0,0,0,1,0,0,0,0,0,0,0,0,1,3,3,0,3,5,2,51.1
3,3,3,0,0,0,0,0,1,0,0,0,0,1,0,0,0,2,4,1,5,4,4,53.3
3,3,4,0,0,0,0,1,0,0,0,0,1,0,0,0,0,3,4,0,3,4,3,49
1,4,4,0,0,0,0,0,0,0,1,0,0,0,0,0,1,2,5,0,4,5,3,52.3
4,2,4,0,0,0,0,1,0,0,0,0,0,0,0,0,1,2,5,0,3,5,4,58
2,2,2,0,0,0,0,1,0,0,0,1,0,0,0,0,0,1,5,0,1,4,0,
2,5,4,0,0,0,0,0,0,0,1,0,1,0,0,0,0,2,3,0,5,3,0,52.4
3,3,3,0,0,0,1,0,0,0,0,0,1,0,0,0,0,2,4,0,2,4,3,58.5
3,2,4,0,0,0,0,1,0,0,0,0,0,1,0,0,0,2,3,0,2,2,3,
5,4,5,0,0,0,0,1,0,0,0,0,0,1,0,0,0,2,5,0,4,1,5,50
2,4,4,0,0,0,0,1,0,0,0,0,1,0,0,0,0,2,4,0,2,4,3,51
3,1,4,0,0,0,0,0,1,0,0,1,0,0,0,0,0,2,4,1,3,2,6,60
2,4,4,0,0,0,0,1,0,0,0,0,0,1,0,0,0,2,3,0,3,4,2,52.8
3,3,4,0,0,0,0,1,0,0,0,0,1,0,0,0,0,2,3,0,3,5,4,51.4
2,5,4,0,0,0,0,1,0,0,0,0,0,0,0,1,0,3,5,0,4,4,4,
4,5,5,0,0,0,0,1,0,0,0,0,1,0,0,0,0,2,3,0,1,1,0,60
3,3,2,0,0,0,0,1,0,0,0,1,0,0,0,0,0,2,3,1,4,5,3,51
3,3,3,0,1,0,0,0,0,0,0,0,1,0,0,0,0,2,4,1,4,3,5,58.1
1,1,1,0,1,0,0,0,0,0,0,1,0,0,0,0,0,2,4,1,3,3,3,53.3
5,2,2,0,0,0,0,0,1,0,0,1,0,0,0,0,0,1,5,0,2,2,4,60
3,5,5,0,0,0,0,0,0,0,1,0,0,1,0,0,0,3,5,0,4,5,0,54.76
3,4,5,0,0,0,1,0,0,0,0,0,1,0,0,0,0,2,4,0,2,5,3,52
3,1,1,0,0,0,0,0,1,0,0,0,0,0,1,0,0,2,3,1,2,2,5,
3,3,4,0,0,0,1,0,0,0,0,1,0,0,0,0,0,2,3,1,4,4,3,50
2,2,4,0,0,0,1,0,0,0,0,0,0,0,0,0,1,2,4,1,2,4,0,50.8
3,3,4,0,0,0,1,0,0,0,0,0,0,0,0,0,1,2,4,0,2,4,4,57.9
3,5,5,0,0,0,0,1,0,0,0,0,0,1,0,0,0,3,3,0,1,4,0,
1,5,5,0,0,0,0,0,0,1,0,0,0,0,0,1,0,3,3,0,4,2,4,50.1
1,4,3,0,1,0,0,0,0,0,0,0,1,0,0,0,0,2,5,0,4,3,5,53.8
4,2,3,0,0,0,0,1,0,0,0,0,1,0,0,0,0,3,5,0,2,4,3,
4,4,5,0,0,0,1,0,0,0,0,0,1,0,0,0,0,3,3,0,1,3,0,
5,4,3,0,0,0,0,0,1,0,0,1,0,0,0,0,0,2,4,0,2,4,0,
3,3,4,0,0,0,1,0,0,0,0,0,0,1,0,0,0,2,5,0,3,5,4,
3,5,5,0,0,0,0,1,0,0,0,0,0,1,0,0,0,1,3,0,2,5,0,
1,4,5,0,0,0,1,0,0,0,0,0,0,0,0,1,0,2,3,1,4,4,0,55
2,1,2,0,0,1,0,0,0,0,0,0,0,0,1,0,0,1,4,1,2,4,3,56
3,2,4,0,0,0,0,1,0,0,0,0,1,0,0,0,0,2,4,0,2,4,3,55
4,3,3,0,0,0,0,0,1,0,0,1,0,0,0,0,0,1,4,1,4,4,3,50.6
2,3,5,0,0,0,0,1,0,0,0,0,1,0,0,0,0,2,5,1,1,5,0,
4,2,4,0,0,0,0,1,0,0,0,0,0,1,0,0,0,2,5,0,3,4,2,54.4
4,2,4,0,0,0,0,1,0,0,0,0,0,0,0,0,1,2,5,1,2,4,0,
3,2,3,0,0,0,0,1,0,0,0,0,0,1,0,0,0,2,4,0,2,4,0,52
4,3,2,0,0,0,0,0,1,0,0,0,1,0,0,0,0,3,4,1,1,3,0,
5,1,1,0,0,0,1,0,0,0,0,1,0,0,0,0,0,2,5,1,2,1,3,50.6
3,4,4,0,0,0,0,1,0,0,0,0,0,0,0,1,0,2,3,0,1,3,1,
3,3,4,0,0,0,1,0,0,0,0,0,1,0,0,0,0,2,4,1,2,4,4,53.8
3,3,3,0,0,0,0,0,1,0,0,0,1,0,0,0,0,2,3,0,4,3,5,53.9
5,3,4,0,0,0,0,1,0,0,0,0,0,0,0,0,1,2,4,0,3,5,3,53.8
4,3,4,0,0,0,0,1,0,0,0,0,1,0,0,0,0,2,4,0,1,3,0,
3,1,4,0,0,0,0,1,0,0,0,0,1,0,0,0,0,2,3,1,3,4,2,
2,4,5,0,0,0,0,1,0,0,0,0,0,1,0,0,0,3,2,0,1,2,3,
3,1,3,0,0,0,0,0,1,0,0,0,1,0,0,0,0,2,5,1,2,5,2,51
4,3,4,0,0,0,0,1,0,0,0,0,0,0,0,0,1,1,4,0,3,4,4,51.5
1,1,5,0,0,0,0,1,0,0,0,0,1,0,0,0,0,2,3,0,2,5,0,
4,2,4,0,0,0,0,1,0,0,0,0,0,1,0,0,0,2,5,0,3,1,0,60
2,4,4,0,0,0,1,0,0,0,0,0,0,1,0,0,0,2,4,0,3,3,3,
2,3,3,0,0,0,0,1,0,0,0,1,0,0,0,0,0,2,5,1,3,4,5,
4,4,5,0,0,0,0,0,0,0,1,0,0,0,0,0,1,1,4,1,1,5,0,48.3
1,3,4,0,0,0,1,0,0,0,0,0,0,0,0,1,0,2,4,0,2,4,2,
2,4,5,0,0,0,0,1,0,0,0,0,1,0,0,0,0,2,3,0,2,3,0,40
3,3,4,0,0,0,0,1,0,0,0,0,1,0,0,0,0,2,5,1,3,5,3,52.7
3,3,3,0,0,0,1,0,0,0,0,0,1,0,0,0,0,1,4,0,3,5,2,
3,2,3,0,0,0,0,0,1,0,0,0,0,1,0,0,0,2,4,0,2,3,3,56.9
1,3,4,0,0,1,0,0,0,0,0,0,0,0,1,0,0,2,4,1,2,4,0,
2,4,4,0,0,0,0,1,0,0,0,0,1,0,0,0,0,2,5,0,2,4,2,54
1,2,4,0,0,0,0,0,0,1,0,0,0,0,0,1,0,2,4,1,3,4,5,
3,5,4,0,0,0,0,1,0,0,0,0,0,1,0,0,0,3,3,0,2,4,4,51.1
1,5,5,0,0,0,0,1,0,0,0,0,0,1,0,0,0,2,4,0,2,5,4,55
4,4,3,0,0,0,1,0,0,0,0,0,1,0,0,0,0,2,4,0,2,4,4,57
3,3,3,0,0,0,0,1,0,0,0,0,0,1,0,0,0,2,5,1,3,5,3,52
1,3,4,0,0,0,0,1,0,0,0,0,1,0,0,0,0,2,3,0,2,4,0,
3,4,4,0,0,0,0,0,0,0,1,0,0,0,0,0,1,2,4,1,3,4,3,51
2,4,4,0,0,0,0,1,0,0,0,0,1,0,0,0,0,3,4,0,4,4,4,52.1
3,1,4,0,0,0,0,0,1,0,0,1,0,0,0,0,0,2,4,0,4,2,4,53.5
2,3,4,0,0,0,0,1,0,0,0,0,0,1,0,0,0,2,4,0,2,4,3,54
3,3,4,0,1,0,0,0,0,0,0,0,1,0,0,0,0,2,4,1,4,4,3,51.6
3,4,4,0,0,0,1,0,0,0,0,0,1,0,0,0,0,2,2,0,3,4,4,57.2
3,2,5,0,0,0,1,0,0,0,0,0,1,0,0,0,0,2,5,0,4,5,2,53.3
2,3,4,0,0,0,1,0,0,0,0,0,1,0,0,0,0,1,4,1,5,4,0,56.2
2,1,3,0,1,0,0,0,0,0,0,1,0,0,0,0,0,3,5,0,4,1,5,53.6
2,4,4,0,0,0,0,1,0,0,0,0,1,0,0,0,0,2,4,1,1,3,4,57
3,4,4,0,0,0,0,1,0,0,0,0,1,0,0,0,0,1,4,1,4,4,4,53.9
1,1,1,0,1,0,0,0,0,0,0,0,1,0,0,0,0,2,5,1,4,4,5,
3,2,3,0,0,0,0,1,0,0,0,0,0,1,0,0,0,2,4,1,5,4,2,
1,2,4,0,0,0,0,1,0,0,0,0,0,0,0,1,0,2,4,1,5,5,3,60
2,2,3,0,0,0,1,0,0,0,0,0,0,1,0,0,0,2,3,1,5,4,6,53.6
2,4,4,0,0,0,0,1,0,0,0,0,1,0,0,0,0,3,5,0,3,3,3,51.3
4,2,2,0,0,0,0,1,0,0,0,0,0,0,0,0,1,2,5,0,3,4,2,52
1,1,1,0,1,0,0,0,0,0,0,1,0,0,0,0,0,2,3,0,5,4,6,
5,3,5,0,0,0,0,1,0,0,0,0,1,0,0,0,0,3,5,0,1,3,0,
2,1,2,0,0,1,0,0,0,0,0,1,0,0,0,0,0,2,5,1,2,5,3,
4,4,4,0,0,0,0,1,0,0,0,0,0,0,0,1,0,2,4,0,3,5,3,60.3
5,5,5,0,0,0,0,1,0,0,0,0,1,0,0,0,0,2,5,0,3,5,2,
1,4,5,0,0,0,1,0,0,0,0,0,1,0,0,0,0,3,4,0,1,4,2,59.5
1,1,1,0,1,0,0,0,0,0,0,0,0,0,0,1,0,2,3,1,4,5,2,51
2,1,1,0,1,0,0,0,0,0,0,1,0,0,0,0,0,2,3,1,4,3,5,53
3,1,2,0,0,0,1,0,0,0,0,1,0,0,0,0,0,2,3,0,3,3,5,59
4,3,4,0,0,0,0,1,0,0,0,0,0,0,0,1,0,2,3,1,3,5,4,52.3
2,2,3,1,0,0,0,0,0,0,0,0,1,0,0,0,0,2,3,0,2,4,3,51.5
3,4,5,0,0,0,1,0,0,0,0,0,0,1,0,0,0,2,3,0,4,4,2,50.4
3,3,4,0,0,0,0,1,0,0,0,0,1,0,0,0,0,2,5,0,3,4,2,48.4
4,5,5,0,0,0,0,1,0,0,0,0,1,0,0,0,0,3,3,0,5,5,3,62.7
2,3,4,0,0,0,0,1,0,0,0,0,1,0,0,0,0,2,3,0,4,2,2,53.3
3,4,5,0,0,0,1,0,0,0,0,0,0,1,0,0,0,2,4,0,1,4,4,53
3,2,2,0,0,0,0,1,0,0,0,0,0,0,0,1,0,2,3,0,3,3,2,51.5
3,4,4,0,0,0,0,1,0,0,0,0,0,1,0,0,0,2,3,0,3,4,5,53.5
4,3,4,0,0,0,1,0,0,0,0,0,0,1,0,0,0,1,5,0,3,4,6,
3,2,4,0,0,0,1,0,0,0,0,0,1,0,0,0,0,2,4,0,3,3,6,55.7
4,4,4,0,0,0,1,0,0,0,0,0,0,1,0,0,0,1,5,0,3,4,6,51.1
2,1,4,0,0,1,0,0,0,0,0,0,1,0,0,0,0,1,3,1,3,4,4,51.2
4,3,4,0,0,0,0,1,0,0,0,0,1,0,0,0,0,2,5,0,3,3,4,48
2,2,4,0,0,0,0,1,0,0,0,0,1,0,0,0,0,2,3,1,4,4,4,51.2
3,3,4,0,0,0,0,1,0,0,0,0,1,0,0,0,0,2,4,1,2,4,3,50.3
3,3,5,1,0,0,0,0,0,0,0,0,0,0,1,0,0,1,4,1,3,3,5,57.9
2,2,2,1,0,0,0,0,0,0,0,0,0,0,1,0,0,2,4,1,4,3,5,52
3,2,3,0,0,0,0,1,0,0,0,1,0,0,0,0,0,2,5,0,2,3,0,51.5
5,5,5,0,0,0,0,0,0,0,1,0,0,1,0,0,0,1,5,0,3,3,6,
2,1,2,0,0,0,0,0,0,1,0,0,0,0,1,0,0,2,4,1,5,4,3,
3,3,4,0,0,0,0,1,0,0,0,0,1,0,0,0,0,2,5,0,3,4,3,53.9
3,4,3,0,0,0,1,0,0,0,0,0,1,0,0,0,0,2,3,0,4,2,6,56.1
2,5,5,0,0,0,1,0,0,0,0,0,1,0,0,0,0,2,4,1,2,5,3,52.6
3,4,5,0,0,0,1,0,0,0,0,0,1,0,0,0,0,3,3,0,3,1,5,53
4,4,5,0,0,0,0,1,0,0,0,0,0,0,0,1,0,3,3,0,4,4,4,52.5
3,3,3,0,0,0,0,1,0,0,0,0,1,0,0,0,0,2,5,1,2,4,5,51
3,3,4,0,0,0,0,1,0,0,0,0,0,1,0,0,0,1,3,1,4,4,4,53
1,5,5,0,0,0,1,0,0,0,0,0,1,0,0,0,0,2,4,0,2,4,2,
4,3,2,0,0,0,0,0,1,0,0,1,0,0,0,0,0,2,4,0,3,3,3,52
3,5,3,0,0,0,1,0,0,0,0,0,1,0,0,0,0,2,4,0,4,4,3,50.5
3,4,4,0,0,0,1,0,0,0,0,0,0,0,0,0,1,2,5,0,5,4,4,57.6
2,3,2,0,0,0,0,1,0,0,0,0,1,0,0,0,0,1,5,1,3,4,1,52.4
4,1,4,0,1,0,0,0,0,0,0,1,0,0,0,0,0,2,4,1,3,4,4,54.2
3,4,4,1,0,0,0,0,0,0,0,0,1,0,0,0,0,2,5,1,3,4,5,50.9
3,3,3,0,0,0,0,0,1,0,0,0,1,0,0,0,0,2,3,1,2,5,4,50.1
1,1,1,0,0,0,0,0,1,0,0,1,0,0,0,0,0,1,3,1,5,5,6,52.56
3,4,4,0,0,0,0,1,0,0,0,0,0,1,0,0,0,2,3,0,4,4,6,52.6
4,3,5,0,0,0,0,0,0,0,1,0,1,0,0,0,0,1,4,0,1,5,0,
3,4,4,0,0,0,0,1,0,0,0,0,1,0,0,0,0,2,5,0,4,4,5,65.5
4,2,5,0,0,0,1,0,0,0,0,1,0,0,0,0,0,3,4,0,4,4,4,59.6
4,2,4,0,0,0,0,1,0,0,0,0,1,0,0,0,0,2,4,1,4,4,3,55.2
3,4,5,0,0,0,0,1,0,0,0,0,1,0,0,0,0,3,3,0,4,5,5,52.6
1,3,3,0,0,0,1,0,0,0,0,0,1,0,0,0,0,2,4,0,3,4,3,55
4,4,4,0,0,0,0,0,1,0,0,0,1,0,0,0,0,2,3,1,4,4,3,52.4
5,3,1,0,0,0,0,0,1,0,0,0,0,0,0,0,1,2,3,1,3,4,5,
3,3,4,0,0,0,0,0,1,0,0,1,0,0,0,0,0,2,5,1,5,1,5,55.1
1,1,1,0,0,0,0,1,0,0,0,1,0,0,0,0,0,1,4,1,2,5,4,52.2
2,3,5,0,0,0,0,0,0,0,1,0,1,0,0,0,0,2,5,1,1,5,2,50
1,4,4,0,0,0,0,1,0,0,0,0,0,0,0,1,0,3,4,1,2,4,3,
4,4,4,0,0,0,0,1,0,0,0,0,0,1,0,0,0,2,4,0,3,4,2,51.4
1,1,1,0,0,0,0,0,1,0,0,1,0,0,0,0,0,1,4,1,4,5,5,54
4,3,4,0,0,0,1,0,0,0,0,0,1,0,0,0,0,3,5,1,5,5,4,50
3,4,4,0,0,0,0,1,0,0,0,0,0,0,0,0,1,2,3,0,2,4,2,57
4,4,4,0,0,0,0,1,0,0,0,0,0,0,0,0,1,2,2,0,2,1,0,
3,2,3,0,0,1,0,0,0,0,0,1,0,0,0,0,0,2,3,1,3,1,2,
2,4,4,0,0,0,0,1,0,0,0,0,1,0,0,0,0,1,2,1,3,4,0,48.3
2,3,4,0,0,0,0,1,0,0,0,0,1,0,0,0,0,2,4,1,3,3,3,
3,3,3,0,0,0,1,0,0,0,0,0,0,0,0,1,0,2,3,1,3,4,0,
3,4,4,0,0,0,1,0,0,0,0,0,1,0,0,0,0,2,3,0,3,2,3,54.9
2,3,4,0,0,0,0,1,0,0,0,0,0,0,0,0,1,2,4,0,3,4,0,
2,5,5,0,0,0,0,1,0,0,0,0,1,0,0,0,0,2,4,0,1,4,0,56
1,4,5,0,0,1,0,0,0,0,0,0,1,0,0,0,0,2,4,1,3,5,5,56
2,4,4,0,0,0,1,0,0,0,0,0,0,0,0,0,1,2,3,1,4,3,5,60.1
4,1,2,0,1,0,0,0,0,0,0,1,0,0,0,0,0,2,5,1,4,2,5,54.6
3,2,5,0,0,0,0,0,1,0,0,0,1,0,0,0,0,2,2,0,3,5,5,55.1
3,4,3,0,1,0,0,0,0,0,0,0,1,0,0,0,0,2,3,0,5,4,4,56.9
5,3,3,0,0,0,0,1,0,0,0,0,0,1,0,0,0,2,5,0,5,5,5,57
2,3,3,0,1,0,0,0,0,0,0,0,1,0,0,0,0,1,4,0,2,4,6,57
3,4,5,0,0,0,1,0,0,0,0,0,0,0,1,0,0,2,1,1,3,3,4,55.5
3,2,4,0,0,0,0,1,0,0,0,0,1,0,0,0,0,2,4,1,2,5,4,53
3,1,5,0,0,0,1,0,0,0,0,0,0,0,0,1,0,2,4,1,4,3,3,
2,2,1,0,1,0,0,0,0,0,0,0,1,0,0,0,0,1,3,1,3,4,5,53
4,4,3,0,0,0,0,1,0,0,0,0,1,0,0,0,0,3,5,0,2,5,3,49
2,4,5,0,0,0,1,0,0,0,0,0,1,0,0,0,0,2,4,0,4,3,3,55
3,3,3,0,0,0,0,0,1,0,0,1,0,0,0,0,0,2,5,1,4,5,5,54.2
3,3,3,0,0,1,0,0,0,0,0,0,1,0,0,0,0,3,5,1,3,4,5,55
5,3,3,0,0,0,0,1,0,0,0,0,0,0,0,1,0,2,4,0,2,5,2,
4,4,4,0,0,0,0,1,0,0,0,0,0,0,0,0,1,2,3,1,3,4,5,
2,3,3,0,0,0,1,0,0,0,0,0,1,0,0,0,0,2,4,0,3,4,4,
3,4,5,0,0,0,0,1,0,0,0,0,1,0,0,0,0,2,4,0,3,5,3,52.4
2,2,4,0,0,0,0,1,0,0,0,0,1,0,0,0,0,1,2,1,1,4,2,50
1,5,5,0,0,0,0,1,0,0,0,0,0,1,0,0,0,2,5,0,1,5,0,43.4
4,3,3,0,0,0,1,0,0,0,0,0,1,0,0,0,0,2,3,0,3,4,4,
3,2,3,0,0,0,0,1,0,0,0,1,0,0,0,0,0,2,5,1,3,4,2,
3,1,1,0,0,0,0,0,1,0,0,1,0,0,0,0,0,1,3,1,4,4,4,52.6
3,4,4,0,0,0,0,1,0,0,0,0,1,0,0,0,0,1,4,0,3,4,3,
5,3,4,0,0,0,0,0,0,0,1,0,0,0,0,0,1,2,5,0,2,4,0,50.3
3,3,4,0,0,0,1,0,0,0,0,0,0,1,0,0,0,2,5,0,5,5,3,52.6
1,5,5,0,1,0,0,0,0,0,0,0,1,0,0,0,0,2,4,1,2,4,0,54
4,5,5,0,0,0,0,1,0,0,0,0,1,0,0,0,0,1,3,0,3,5,2,46.3
5,4,5,0,0,0,0,1,0,0,0,0,0,0,0,0,1,2,4,0,2,3,4,56.6
2,4,4,0,0,0,1,0,0,0,0,0,0,1,0,0,0,1,3,0,3,3,2,
3,2,4,0,0,0,0,0,1,0,0,1,0,0,0,0,0,2,4,0,4,5,2,56.2
2,2,4,0,0,0,0,0,1,0,0,0,1,0,0,0,0,2,2,0,2,2,0,55.7
3,3,3,0,0,0,0,1,0,0,0,0,0,0,0,1,0,2,4,1,3,5,5,65
2,3,4,0,0,0,0,0,0,1,0,0,0,0,0,1,0,2,3,1,2,4,1,45
2,1,1,0,0,0,1,0,0,0,0,0,0,0,1,0,0,2,5,1,2,3,5,51.1
3,4,4,0,0,1,0,0,0,0,0,0,0,0,0,0,1,3,5,0,4,1,4,55.4
3,4,4,0,0,0,0,0,1,0,0,0,1,0,0,0,0,2,4,1,2,3,5,57
2,2,3,0,0,0,0,1,0,0,0,0,1,0,0,0,0,2,4,1,3,4,3,51
3,4,5,0,0,0,0,1,0,0,0,0,0,1,0,0,0,2,5,1,2,4,2,51.7
3,4,5,0,0,0,1,0,0,0,0,0,1,0,0,0,0,2,4,0,1,4,3,61
2,4,5,0,0,0,0,1,0,0,0,0,1,0,0,0,0,2,4,0,2,2,2,
4,4,4,0,0,0,0,1,0,0,0,0,1,0,0,0,0,2,3,0,3,4,5,55
1,2,3,0,0,0,0,0,1,0,0,0,0,0,0,1,0,2,4,1,4,3,5,61
5,5,5,0,0,0,0,1,0,0,0,0,0,0,0,1,0,2,5,0,1,5,0,
3,4,4,0,0,0,1,0,0,0,0,0,1,0,0,0,0,2,4,0,4,5,5,56
4,3,4,0,0,0,0,0,0,0,1,0,0,1,0,0,0,1,3,0,2,4,2,50
2,2,1,0,0,0,0,0,1,0,0,1,0,0,0,0,0,2,5,0,4,4,3,52.1
2,4,4,0,0,0,0,1,0,0,0,0,0,1,0,0,0,2,5,0,4,4,3,51
4,5,5,0,0,0,0,0,0,0,1,0,0,0,0,0,1,2,5,0,1,3,0,
3,2,3,0,0,0,0,1,0,0,0,0,0,1,0,0,0,2,4,0,1,2,4,55
3,2,3,0,0,0,0,1,0,0,0,0,0,1,0,0,0,2,4,0,3,4,4,55
4,3,3,0,0,0,1,0,0,0,0,0,0,1,0,0,0,2,3,0,3,5,2,49.9
2,4,4,0,0,0,0,1,0,0,0,0,1,0,0,0,0,2,4,1,2,3,4,53.5
3,2,4,0,0,0,1,0,0,0,0,0,0,0,0,1,0,2,5,0,2,4,2,57.1
2,1,1,0,0,0,0,0,1,0,0,1,0,0,0,0,0,1,2,0,2,1,6,
3,4,4,0,0,0,1,0,0,0,0,0,0,1,0,0,0,2,4,0,3,2,4,53.7
3,2,3,0,0,0,0,0,1,0,0,0,1,0,0,0,0,2,3,0,4,5,5,
3,2,3,0,1,0,0,0,0,0,0,1,0,0,0,0,0,2,4,1,3,4,4,50.8
2,1,1,0,0,0,0,0,1,0,0,1,0,0,0,0,0,2,3,1,3,3,4,51
4,4,4,0,0,0,0,1,0,0,0,0,0,0,0,0,1,2,5,0,2,5,3,49.3
1,4,5,0,0,0,0,1,0,0,0,0,1,0,0,0,0,2,4,0,1,3,0,
3,2,2,0,0,0,0,0,1,0,0,0,0,0,1,0,0,2,3,1,2,5,5,55
2,2,3,0,0,0,0,0,1,0,0,1,0,0,0,0,0,2,4,1,4,4,4,53
5,3,5,0,0,0,0,0,0,0,1,0,0,0,1,0,0,2,5,1,3,5,6,56.9
3,3,2,0,0,0,1,0,0,0,0,0,1,0,0,0,0,2,4,0,3,1,4,57
1,5,5,0,0,0,0,1,0,0,0,0,1,0,0,0,0,2,3,0,2,5,5,59.4
3,1,2,0,0,0,0,0,0,0,1,1,0,0,0,0,0,1,5,0,2,5,0,49.6
2,4,5,0,0,0,0,1,0,0,0,0,1,0,0,0,0,2,3,0,4,4,2,52.2
4,4,5,0,0,0,0,1,0,0,0,0,0,0,0,0,1,2,4,1,5,5,4,
2,5,5,0,0,0,0,0,0,0,1,0,0,1,0,0,0,2,2,0,2,4,5,
3,4,5,0,0,0,0,1,0,0,0,0,1,0,0,0,0,2,4,0,2,4,2,53.7
4,4,4,0,0,0,0,1,0,0,0,0,1,0,0,0,0,2,4,1,3,2,5,54
3,4,5,0,0,0,0,1,0,0,0,0,0,1,0,0,0,2,4,0,2,4,2,51.1
3,2,3,0,0,0,1,0,0,0,0,1,0,0,0,0,0,1,3,0,3,4,0,50.8
1,2,5,0,0,0,1,0,0,0,0,0,0,0,0,1,0,1,3,1,4,4,5,
3,4,5,0,0,0,1,0,0,0,0,0,1,0,0,0,0,2,3,0,2,4,0,
2,3,4,0,0,0,1,0,0,0,0,0,1,0,0,0,0,2,4,1,5,4,5,51.8
1,3,4,0,0,0,0,0,1,0,0,0,1,0,0,0,0,3,4,1,4,3,5,55
2,3,4,0,0,0,0,1,0,0,0,0,1,0,0,0,0,2,5,1,4,5,3,52.6
1,3,4,0,0,0,0,1,0,0,0,0,1,0,0,0,0,3,5,1,5,3,5,56
1,1,5,0,0,0,0,0,1,0,0,0,0,0,0,1,0,3,5,1,5,5,6,69
1,2,3,0,0,0,0,1,0,0,0,0,0,1,0,0,0,3,4,1,2,1,2,57
2,4,4,0,0,0,0,0,0,0,1,0,0,0,0,0,1,2,5,1,5,3,5,61
3,2,2,0,0,0,0,1,0,0,0,0,1,0,0,0,0,2,3,1,4,4,4,
1,4,5,0,0,0,0,1,0,0,0,0,1,0,0,0,0,2,2,0,5,4,3,48.4
1,5,5,0,1,0,0,0,0,0,0,0,0,0,0,1,0,3,1,0,4,3,6,57
2,4,5,0,0,0,0,1,0,0,0,0,0,1,0,0,0,2,5,0,2,2,2,51.5
5,5,5,0,0,0,0,0,0,0,1,0,1,0,0,0,0,2,5,0,4,4,5,
5,4,4,0,0,0,0,1,0,0,0,0,0,1,0,0,0,2,4,0,4,5,4,52.9
2,4,4,0,0,0,0,1,0,0,0,0,0,1,0,0,0,2,3,0,2,4,2,61
3,3,3,0,0,0,1,0,0,0,0,0,0,1,0,0,0,2,4,1,3,5,2,48.8
3,2,3,0,0,0,0,1,0,0,0,0,0,0,0,0,1,2,3,1,3,4,2,53
4,2,3,0,0,0,0,1,0,0,0,0,1,0,0,0,0,2,5,1,2,4,2,50.9
4,3,2,0,0,0,0,1,0,0,0,1,0,0,0,0,0,2,5,0,2,5,1,
5,4,5,0,0,0,0,1,0,0,0,0,0,0,0,0,1,2,5,0,3,5,3,48.8
3,2,4,0,0,0,0,1,0,0,0,1,0,0,0,0,0,2,5,1,2,5,5,54.3
3,3,4,0,0,0,0,0,0,1,0,0,1,0,0,0,0,2,4,1,3,1,5,62
1,1,1,0,0,0,0,0,1,0,0,1,0,0,0,0,0,2,4,1,5,1,4,48
3,3,3,0,0,0,0,1,0,0,0,0,0,1,0,0,0,3,4,0,1,4,0,
3,5,5,0,0,0,0,0,1,0,0,0,0,1,0,0,0,1,4,1,3,4,2,
2,4,5,0,0,0,0,1,0,0,0,0,1,0,0,0,0,1,4,0,4,5,0,52.3
3,4,4,0,0,0,0,1,0,0,0,0,1,0,0,0,0,1,4,1,4,5,4,52.6
3,3,4,0,0,0,1,0,0,0,0,0,0,1,0,0,0,2,4,1,4,5,5,56
1,1,1,0,0,0,0,0,1,0,0,1,0,0,0,0,0,1,5,1,5,5,6,61.2
2,2,2,0,0,1,0,0,0,0,0,0,0,0,0,1,0,1,4,1,3,3,4,53.6
2,3,3,0,0,1,0,0,0,0,0,0,1,0,0,0,0,2,4,1,3,4,5,51.4
4,3,5,0,0,0,0,1,0,0,0,0,1,0,0,0,0,2,5,0,3,5,4,51.9
2,3,3,0,0,0,0,0,1,0,0,0,1,0,0,0,0,2,4,1,2,5,0,
3,3,4,0,0,0,1,0,0,0,0,0,1,0,0,0,0,2,3,1,2,5,3,54.9
4,5,5,0,0,0,0,1,0,0,0,0,0,1,0,0,0,3,4,0,1,2,5,60.8
4,2,3,0,0,0,1,0,0,0,0,0,0,1,0,0,0,2,4,0,4,3,6,58.4
3,3,4,0,0,0,1,0,0,0,0,0,0,0,0,1,0,2,3,1,4,5,5,54
2,3,3,0,1,0,0,0,0,0,0,0,1,0,0,0,0,2,4,1,4,2,5,54
4,4,4,0,0,0,0,1,0,0,0,0,1,0,0,0,0,2,4,1,2,5,2,52.6
2,3,4,0,0,0,0,1,0,0,0,0,1,0,0,0,0,2,4,1,3,5,5,53
1,1,1,0,0,0,0,0,0,1,0,1,0,0,0,0,0,2,5,1,4,1,5,56
1,4,4,0,0,0,1,0,0,0,0,0,1,0,0,0,0,2,4,1,3,4,5,63.1
3,3,4,0,0,0,0,1,0,0,0,0,1,0,0,0,0,2,4,1,4,4,6,
5,2,4,0,0,0,0,1,0,0,0,1,0,0,0,0,0,3,4,0,4,3,5,62
1,1,4,0,1,0,0,0,0,0,0,0,0,0,0,1,0,2,5,0,5,4,2,52
1,2,2,0,0,0,0,0,1,0,0,0,0,0,1,0,0,2,5,0,5,1,0,
1,5,5,0,0,0,0,0,0,0,1,0,0,0,1,0,0,3,3,0,1,4,0,
4,4,5,0,0,0,0,0,0,0,1,0,0,1,0,0,0,2,5,0,5,4,5,54.4
1,5,5,0,0,0,0,1,0,0,0,0,0,1,0,0,0,2,4,1,5,4,5,55.8
3,2,3,0,0,0,0,1,0,0,0,0,1,0,0,0,0,2,3,0,2,3,2,57.4
3,3,4,0,0,0,0,1,0,0,0,0,0,1,0,0,0,2,4,1,4,5,3,
3,5,4,0,0,0,0,1,0,0,0,0,1,0,0,0,0,1,4,1,3,4,4,57
3,4,5,0,0,0,1,0,0,0,0,0,1,0,0,0,0,2,5,0,4,5,0,57.2
5,3,4,0,0,0,1,0,0,0,0,1,0,0,0,0,0,2,5,0,2,4,3,52.6
3,4,3,0,0,0,0,1,0,0,0,0,0,0,0,1,0,2,5,1,5,4,4,
2,3,3,0,1,0,0,0,0,0,0,0,1,0,0,0,0,1,4,1,4,1,3,55
2,3,4,0,0,0,0,1,0,0,0,0,0,1,0,0,0,2,4,0,4,5,4,52.9
4,5,5,0,0,0,0,1,0,0,0,0,1,0,0,0,0,2,5,0,1,4,0,
2,3,2,0,1,0,0,0,0,0,0,0,0,0,0,1,0,1,4,1,3,2,5,
1,1,1,1,0,0,0,0,0,0,0,1,0,0,0,0,0,1,3,0,4,3,5,55.7
3,2,4,0,0,0,0,1,0,0,0,0,1,0,0,0,0,2,4,1,4,4,2,55.6
2,2,5,0,0,1,0,0,0,0,0,0,1,0,0,0,0,2,5,0,2,4,0,
3,2,3,0,0,0,0,1,0,0,0,0,0,1,0,0,0,2,4,0,3,4,4,55
3,4,4,0,0,0,0,1,0,0,0,0,0,1,0,0,0,2,2,1,4,5,4,54.7
1,1,1,0,0,0,0,1,0,0,0,1,0,0,0,0,0,2,3,1,3,1,5,51.8
3,3,4,0,0,0,0,0,0,0,1,0,1,0,0,0,0,2,4,0,3,4,2,54.1
1,1,1,0,0,0,0,0,0,1,0,0,0,0,1,0,0,2,1,1,2,1,1,45
1,4,4,0,0,0,0,0,0,0,1,1,0,0,0,0,0,3,3,1,5,5,5,53.8
5,3,4,0,0,0,0,1,0,0,0,0,0,0,0,0,1,2,5,0,3,5,3,52
5,1,1,1,0,0,0,0,0,0,0,1,0,0,0,0,0,2,1,1,3,2,1,40
3,3,5,0,0,0,0,1,0,0,0,0,1,0,0,0,0,2,4,0,3,5,0,
2,4,3,0,0,0,0,1,0,0,0,0,1,0,0,0,0,2,5,1,5,3,4,55.7
3,4,4,0,0,0,1,0,0,0,0,0,1,0,0,0,0,2,4,1,4,4,3,54.2
1,5,5,0,0,0,0,1,0,0,0,0,1,0,0,0,0,2,1,0,3,5,4,
3,2,3,0,0,0,0,1,0,0,0,0,0,1,0,0,0,1,5,1,2,3,2,
3,5,5,0,0,0,0,1,0,0,0,0,0,1,0,0,0,3,4,0,4,4,5,52
2,4,4,0,0,0,0,1,0,0,0,0,1,0,0,0,0,3,3,0,4,4,5,51.4
3,4,3,0,0,0,0,1,0,0,0,1,0,0,0,0,0,2,3,0,3,5,4,
3,3,4,0,0,0,1,0,0,0,0,0,1,0,0,0,0,2,4,0,4,5,5,53
1,4,3,0,0,0,1,0,0,0,0,0,1,0,0,0,0,2,3,0,3,3,4,50
3,4,5,0,0,0,0,0,0,0,1,0,0,1,0,0,0,2,5,0,4,4,4,54.4
1,2,2,0,0,0,0,1,0,0,0,1,0,0,0,0,0,2,3,0,4,1,4,
3,4,5,0,0,0,1,0,0,0,0,0,0,1,0,0,0,2,5,0,2,4,1,54.2
5,3,3,0,0,0,0,0,1,0,0,0,1,0,0,0,0,2,5,0,3,2,3,
1,3,2,0,0,0,0,0,1,0,0,0,1,0,0,0,0,2,4,0,4,4,5,55.6
3,3,3,0,0,0,0,0,1,0,0,1,0,0,0,0,0,2,5,0,3,5,3,
5,1,1,0,1,0,0,0,0,0,0,1,0,0,0,0,0,1,3,1,3,1,6,59.3
5,1,1,0,1,0,0,0,0,0,0,0,0,0,0,1,0,1,3,1,2,3,6,52.2
2,5,4,0,0,0,0,1,0,0,0,0,0,0,0,0,1,2,4,0,4,4,5,54
1,4,4,0,0,0,0,1,0,0,0,0,0,1,0,0,0,3,4,0,4,5,5,51
2,4,4,0,0,0,0,1,0,0,0,1,0,0,0,0,0,2,4,0,4,5,6,
1,5,5,0,0,0,0,1,0,0,0,0,1,0,0,0,0,2,5,0,5,5,6,52.3
3,1,1,0,0,0,0,0,1,0,0,1,0,0,0,0,0,2,5,0,1,4,2,
5,5,4,0,0,0,0,1,0,0,0,0,1,0,0,0,0,2,4,0,5,5,4,52
3,4,3,0,0,0,0,1,0,0,0,0,1,0,0,0,0,2,5,1,4,4,5,52.7
3,4,5,0,0,0,1,0,0,0,0,0,1,0,0,0,0,2,5,1,3,3,5,62
3,5,5,0,0,0,1,0,0,0,0,0,1,0,0,0,0,1,4,0,2,5,3,
3,2,2,0,0,0,0,0,1,0,0,0,0,1,0,0,0,2,3,0,5,4,6,54.7
2,3,3,1,0,0,0,0,0,0,0,0,1,0,0,0,0,1,3,0,4,4,5,54.2
2,1,1,0,0,0,0,0,1,0,0,1,0,0,0,0,0,1,2,1,5,4,1,
2,4,5,0,0,0,0,1,0,0,0,0,1,0,0,0,0,2,4,0,1,4,0,
3,4,4,0,0,0,0,1,0,0,0,0,0,1,0,0,0,3,3,0,5,5,1,
3,4,4,0,0,0,0,1,0,0,0,0,1,0,0,0,0,2,4,0,4,4,2,52
3,1,2,0,0,0,0,1,0,0,0,1,0,0,0,0,0,2,5,0,5,5,5,
3,3,1,0,0,0,0,0,1,0,0,1,0,0,0,0,0,2,3,0,5,4,5,
1,1,1,0,0,0,0,0,1,0,0,1,0,0,0,0,0,1,3,1,3,3,1,
1,5,5,0,0,0,0,1,0,0,0,0,0,0,0,1,0,2,2,0,4,4,1,
1,1,1,0,0,0,0,0,1,0,0,1,0,0,0,0,0,1,3,0,4,2,5,
3,3,3,0,0,0,0,1,0,0,0,1,0,0,0,0,0,1,3,1,4,2,3,
3,3,3,0,0,0,0,1,0,0,0,1,0,0,0,0,0,1,3,1,4,2,3,
1,3,5,0,0,0,1,0,0,0,0,0,0,1,0,0,0,2,4,0,3,3,0,53
3,5,5,0,0,0,0,1,0,0,0,0,0,1,0,0,0,3,5,1,4,5,3,53
2,4,5,0,0,0,1,0,0,0,0,0,1,0,0,0,0,2,3,0,3,4,2,51.5
1,5,5,0,0,0,0,1,0,0,0,0,0,1,0,0,0,2,3,0,2,4,0,34.8
4,4,3,0,0,0,0,1,0,0,0,0,1,0,0,0,0,1,5,0,4,2,6,
2,4,4,0,1,0,0,0,0,0,0,0,1,0,0,0,0,1,4,1,5,5,3,51.3
4,5,4,0,0,0,0,0,0,0,1,0,1,0,0,0,0,2,4,0,5,5,5,59.8
3,3,4,0,0,0,0,1,0,0,0,0,1,0,0,0,0,2,3,1,3,5,5,54
1,3,3,1,0,0,0,0,0,0,0,0,1,0,0,0,0,2,3,1,3,4,0,
4,2,3,0,0,0,0,1,0,0,0,0,1,0,0,0,0,1,4,1,2,5,0,
3,3,4,0,0,0,1,0,0,0,0,0,0,0,0,0,1,2,5,0,2,4,4,51.4
1,4,5,0,0,1,0,0,0,0,0,0,1,0,0,0,0,2,4,1,4,4,3,53.9
2,4,4,0,0,0,0,1,0,0,0,0,1,0,0,0,0,2,4,1,4,4,3,52.6
3,5,3,0,1,0,0,0,0,0,0,0,1,0,0,0,0,2,4,1,3,4,3,50.4
1,3,3,0,1,0,0,0,0,0,0,0,0,0,0,1,0,1,3,1,4,3,5,
1,1,5,0,0,0,1,0,0,0,0,0,1,0,0,0,0,2,3,1,4,5,4,53
4,3,3,0,0,0,0,1,0,0,0,0,1,0,0,0,0,2,5,1,2,5,5,
1,1,1,0,0,0,0,0,1,0,0,1,0,0,0,0,0,2,4,1,5,5,4,54
4,3,4,0,0,0,0,1,0,0,0,0,1,0,0,0,0,2,4,0,4,5,4,51.8
4,4,4,0,0,0,0,0,0,0,1,0,1,0,0,0,0,2,4,0,2,4,4,52
3,3,3,0,0,0,0,0,1,0,0,1,0,0,0,0,0,2,4,0,3,4,3,50.6
3,4,4,0,0,0,0,0,1,0,0,0,0,1,0,0,0,2,4,0,3,4,2,
1,5,5,0,0,0,0,0,0,0,1,0,1,0,0,0,0,2,4,0,1,5,3,52
3,5,4,0,0,0,0,1,0,0,0,0,0,1,0,0,0,3,5,0,3,3,4,56
3,4,5,0,0,0,1,0,0,0,0,0,1,0,0,0,0,2,3,0,5,4,4,52
4,5,4,0,0,0,0,1,0,0,0,0,1,0,0,0,0,2,4,0,4,4,5,51.1
2,4,4,0,0,0,1,0,0,0,0,0,0,0,0,0,1,1,4,0,4,4,4,51.7
5,5,4,0,0,0,0,0,0,0,1,0,0,0,0,0,1,2,3,1,1,4,2,49.6
2,3,4,0,1,0,0,0,0,0,0,0,1,0,0,0,0,2,3,1,2,4,3,
2,1,2,0,1,0,0,0,0,0,0,0,0,0,0,1,0,1,3,1,4,2,4,
1,3,3,0,0,0,0,1,0,0,0,0,1,0,0,0,0,1,4,0,3,5,2,50.2
2,3,4,0,0,0,1,0,0,0,0,0,0,0,0,1,0,2,3,0,3,3,5,62
3,5,5,0,0,0,0,1,0,0,0,0,1,0,0,0,0,2,3,0,1,3,3,
3,5,5,0,0,0,1,0,0,0,0,0,1,0,0,0,0,2,5,0,2,4,5,54.7
3,2,3,0,0,0,0,0,1,0,0,1,0,0,0,0,0,2,4,1,2,4,5,57.8
3,3,3,0,0,1,0,0,0,0,0,0,1,0,0,0,0,1,4,1,3,4,5,56.7
3,5,4,0,1,0,0,0,0,0,0,0,1,0,0,0,0,1,3,1,2,5,0,
3,4,4,0,0,0,0,1,0,0,0,0,0,1,0,0,0,3,3,0,4,4,6,57
2,3,4,0,0,0,0,0,1,0,0,0,1,0,0,0,0,1,4,1,2,3,3,51.1
3,3,4,0,0,0,0,1,0,0,0,0,1,0,0,0,0,2,3,1,5,5,0,53.9
1,1,2,0,0,0,0,0,1,0,0,1,0,0,0,0,0,2,4,1,3,4,2,48.7
2,2,4,0,0,0,1,0,0,0,0,1,0,0,0,0,0,2,4,1,3,1,5,54.2
4,5,5,0,0,0,1,0,0,0,0,0,0,1,0,0,0,2,4,0,4,4,4,53
4,2,3,0,0,0,1,0,0,0,0,0,0,1,0,0,0,2,5,0,3,5,5,51.8
3,3,3,0,0,0,0,1,0,0,0,0,0,0,0,1,0,2,3,1,4,3,4,55.2
2,2,2,0,0,0,0,0,1,0,0,1,0,0,0,0,0,2,3,1,2,4,2,59.1
4,3,4,0,0,0,0,1,0,0,0,0,1,0,0,0,0,2,3,0,4,4,3,52.2
2,1,2,0,0,0,0,0,0,0,1,0,1,0,0,0,0,2,5,1,3,5,2,55
1,1,1,0,0,0,0,0,1,0,0,1,0,0,0,0,0,1,3,1,3,4,2,48.7
2,4,5,0,0,0,0,1,0,0,0,0,0,0,0,1,0,2,4,1,2,4,0,
1,2,3,0,0,0,0,0,1,0,0,0,1,0,0,0,0,2,4,1,2,2,2,50
1,1,1,0,1,0,0,0,0,0,0,1,0,0,0,0,0,1,1,1,1,5,2,46.5
3,4,4,0,0,0,0,1,0,0,0,0,0,0,0,0,1,2,4,0,1,4,0,57.7
1,5,5,1,0,0,0,0,0,0,0,0,0,0,1,0,0,2,1,1,2,2,2,
2,5,5,0,0,0,0,1,0,0,0,0,1,0,0,0,0,2,5,0,2,4,4,
4,4,5,0,0,0,0,1,0,0,0,0,0,1,0,0,0,2,4,0,1,2,0,
2,3,5,0,0,0,1,0,0,0,0,0,0,1,0,0,0,1,4,0,4,2,5,56.1
2,4,4,0,0,0,1,0,0,0,0,0,1,0,0,0,0,2,4,0,3,4,3,
2,5,5,0,0,0,0,1,0,0,0,0,0,1,0,0,0,1,3,0,1,3,0,
3,3,4,0,0,0,0,1,0,0,0,0,1,0,0,0,0,2,4,0,4,4,5,53.8
3,5,5,0,0,0,0,1,0,0,0,0,1,0,0,0,0,1,2,0,2,4,0,51.6
4,5,5,0,0,0,0,1,0,0,0,0,1,0,0,0,0,2,2,0,2,5,0,55.4
2,3,4,0,0,0,0,1,0,0,0,0,1,0,0,0,0,2,4,0,3,5,3,52.4
3,3,3,0,0,0,1,0,0,0,0,0,0,1,0,0,0,2,5,1,3,4,3,58
3,4,5,0,0,0,0,0,1,0,0,0,1,0,0,0,0,2,3,1,5,4,6,59.8
3,4,5,0,0,0,0,0,1,0,0,0,1,0,0,0,0,2,3,1,5,4,6,59.8
3,4,5,0,0,0,1,0,0,0,0,0,1,0,0,0,0,2,3,0,3,4,3,
3,3,4,0,0,0,0,1,0,0,0,0,1,0,0,0,0,2,3,0,3,5,5,53.2
4,4,4,0,0,0,0,1,0,0,0,1,0,0,0,0,0,2,3,0,2,3,0,49.4
2,4,5,0,0,0,1,0,0,0,0,0,1,0,0,0,0,2,3,0,2,5,0,61
3,2,3,0,0,0,0,1,0,0,0,0,0,1,0,0,0,2,3,1,4,5,2,56
2,4,4,0,0,0,0,1,0,0,0,0,0,0,0,1,0,3,3,0,3,3,0,52
5,4,4,0,0,0,0,1,0,0,0,0,0,0,0,0,1,2,5,0,2,5,0,47
1,1,5,0,1,0,0,0,0,0,0,0,0,0,0,0,1,1,2,1,2,5,0,
2,4,4,0,0,0,1,0,0,0,0,0,0,1,0,0,0,3,4,0,3,4,3,
2,4,4,0,0,0,1,0,0,0,0,0,0,1,0,0,0,3,4,0,3,4,3,
3,4,4,0,0,0,0,1,0,0,0,0,0,0,0,0,1,3,5,0,2,4,3,50
1,4,3,0,1,0,0,0,0,0,0,0,1,0,0,0,0,2,4,0,2,3,0,
4,3,4,0,0,0,1,0,0,0,0,0,1,0,0,0,0,2,4,0,4,3,4,54.1
2,1,2,0,0,0,0,1,0,0,0,1,0,0,0,0,0,2,4,1,3,4,4,55
1,3,4,0,0,0,0,1,0,0,0,0,1,0,0,0,0,2,4,0,2,4,2,53.3
2,2,2,0,0,0,0,0,1,0,0,1,0,0,0,0,0,2,4,1,4,5,5,59.2
2,5,4,0,0,0,0,1,0,0,0,0,1,0,0,0,0,2,3,1,4,4,2,55.6
2,5,5,0,0,0,1,0,0,0,0,0,1,0,0,0,0,2,4,1,2,4,2,52.5
4,3,3,0,0,0,0,1,0,0,0,0,0,0,0,0,1,2,5,0,4,4,4,
1,5,5,0,0,0,0,1,0,0,0,0,0,1,0,0,0,3,5,0,4,4,0,50.8
2,2,3,0,1,0,0,0,0,0,0,0,1,0,0,0,0,1,4,1,2,5,2,50.4
2,2,4,0,0,0,0,1,0,0,0,0,1,0,0,0,0,1,4,0,1,4,2,50.3
4,3,4,0,0,0,0,0,0,0,1,0,0,0,0,0,1,2,3,1,2,4,2,48
4,4,4,0,0,0,0,1,0,0,0,0,0,0,0,0,1,2,4,1,5,4,4,53.9
1,4,4,0,0,0,1,0,0,0,0,0,1,0,0,0,0,2,2,0,5,4,2,51.8
3,2,2,0,0,0,0,1,0,0,0,0,1,0,0,0,0,3,5,0,4,2,2,52
4,1,3,0,1,0,0,0,0,0,0,1,0,0,0,0,0,1,5,1,4,3,4,54.2
2,5,5,0,0,0,0,1,0,0,0,0,0,1,0,0,0,3,3,0,4,4,6,53.8
3,2,4,0,0,0,0,0,0,0,1,0,1,0,0,0,0,2,4,0,4,5,3,54.2
3,2,4,0,0,0,0,1,0,0,0,0,0,1,0,0,0,2,4,1,2,4,0,
4,4,5,0,0,0,0,1,0,0,0,0,1,0,0,0,0,2,4,0,2,4,2,53.6
3,4,5,0,0,0,1,0,0,0,0,0,0,1,0,0,0,2,4,0,3,5,3,50.1
3,2,4,0,1,0,0,0,0,0,0,0,1,0,0,0,0,2,4,1,3,4,5,55.4
3,3,4,0,0,0,0,1,0,0,0,0,1,0,0,0,0,2,4,1,2,4,4,58.3
4,4,5,0,0,0,1,0,0,0,0,0,0,0,0,0,1,2,5,0,2,5,1,51
3,2,3,0,0,0,0,0,1,0,0,1,0,0,0,0,0,2,4,1,2,4,3,62
2,2,4,0,0,0,0,0,0,1,0,0,0,0,1,0,0,2,5,0,3,3,2,
3,4,3,0,0,0,0,1,0,0,0,0,0,0,0,0,1,2,4,0,3,3,2,51.6
1,5,5,0,0,0,0,1,0,0,0,0,1,0,0,0,0,2,5,0,4,5,4,53
1,1,1,0,0,0,0,0,1,0,0,1,0,0,0,0,0,1,1,1,3,5,5,59
3,2,2,0,0,0,1,0,0,0,0,0,1,0,0,0,0,1,5,1,3,1,4,
4,4,4,0,0,0,0,1,0,0,0,0,0,1,0,0,0,3,5,0,2,4,2,51.6
1,5,5,0,0,0,1,0,0,0,0,0,1,0,0,0,0,2,4,1,3,4,0,
4,4,5,0,0,0,0,0,1,0,0,0,1,0,0,0,0,2,3,1,4,5,3,55
2,4,4,0,0,0,0,1,0,0,0,0,0,1,0,0,0,3,5,0,5,4,2,
2,4,4,0,0,0,0,1,0,0,0,0,0,1,0,0,0,2,4,1,5,4,5,
2,2,3,0,1,0,0,0,0,0,0,0,1,0,0,0,0,2,5,1,3,4,2,
3,5,5,0,0,0,0,1,0,0,0,0,1,0,0,0,0,2,4,0,4,3,4,53.8
4,2,4,0,0,0,0,1,0,0,0,0,0,1,0,0,0,2,5,1,2,4,0,
2,3,4,0,0,0,1,0,0,0,0,0,1,0,0,0,0,2,5,0,4,4,3,55.3
4,3,3,0,0,1,0,0,0,0,0,0,0,0,0,1,0,1,4,1,2,4,2,56.3
4,3,3,0,0,0,0,1,0,0,0,0,0,1,0,0,0,2,4,0,5,5,6,
2,4,5,0,1,0,0,0,0,0,0,0,0,0,1,0,0,2,3,0,1,2,2,50.2
4,2,2,0,0,0,0,0,1,0,0,1,0,0,0,0,0,2,4,1,5,5,5,54.1
1,3,3,0,0,0,0,1,0,0,0,1,0,0,0,0,0,2,2,0,5,4,3,51
1,4,4,0,1,0,0,0,0,0,0,0,1,0,0,0,0,2,5,0,5,5,6,
3,4,4,0,0,0,0,0,0,0,1,0,0,0,0,0,1,2,4,0,2,5,5,58
4,5,5,0,0,0,0,1,0,0,0,0,0,0,0,0,1,2,3,1,2,3,2,51.4
2,3,4,0,0,0,0,1,0,0,0,0,0,0,0,1,0,1,4,1,4,5,6,
3,5,2,0,0,0,0,1,0,0,0,0,1,0,0,0,0,2,3,0,4,4,3,54.3
2,1,1,0,0,0,1,0,0,0,0,1,0,0,0,0,0,2,4,1,4,5,4,53
4,4,5,0,0,0,0,1,0,0,0,0,0,1,0,0,0,2,4,1,3,5,2,51.6
3,2,3,0,0,0,0,1,0,0,0,0,1,0,0,0,0,2,4,0,1,2,0,
3,3,4,0,0,0,0,1,0,0,0,0,0,0,0,0,1,2,5,0,4,4,2,57
5,4,5,0,0,0,1,0,0,0,0,0,1,0,0,0,0,3,3,0,3,3,3,48.8
3,4,3,0,0,0,0,0,1,0,0,0,1,0,0,0,0,1,5,1,2,4,4,51.3
3,2,2,1,0,0,0,0,0,0,0,1,0,0,0,0,0,2,5,1,3,5,4,51
3,4,3,0,0,0,0,1,0,0,0,0,1,0,0,0,0,1,4,0,4,4,3,52.2
4,5,5,0,0,0,0,1,0,0,0,0,0,0,0,0,1,1,5,0,2,4,4,51
3,3,3,0,0,0,1,0,0,0,0,0,1,0,0,0,0,2,5,1,3,4,5,55.8
4,3,2,0,0,0,0,0,0,0,1,0,1,0,0,0,0,2,4,1,3,4,2,50.1
2,2,3,0,0,0,0,1,0,0,0,0,1,0,0,0,0,2,5,1,2,5,2,48
5,2,3,0,0,0,0,0,1,0,0,1,0,0,0,0,0,1,4,1,2,4,5,52
2,2,4,0,0,0,1,0,0,0,0,0,1,0,0,0,0,2,4,0,5,4,4,53.1
3,4,4,0,0,0,1,0,0,0,0,0,1,0,0,0,0,1,5,0,4,5,6,54.7
2,4,5,0,0,0,0,1,0,0,0,1,0,0,0,0,0,3,4,0,2,1,2,53.8
2,1,2,0,0,0,0,0,0,1,0,1,0,0,0,0,0,2,4,1,4,3,3,52
3,2,5,0,0,0,0,1,0,0,0,0,1,0,0,0,0,2,5,0,3,3,4,56.4
3,2,4,0,1,0,0,0,0,0,0,0,1,0,0,0,0,2,3,1,3,4,5,63
2,2,3,0,0,0,0,1,0,0,0,0,1,0,0,0,0,2,5,1,3,4,2,55.1
4,3,4,0,0,0,0,0,1,0,0,0,0,0,0,0,1,2,5,1,3,5,4,52.2
3,2,2,0,1,0,0,0,0,0,0,1,0,0,0,0,0,2,3,1,3,5,3,51
3,2,2,0,1,0,0,0,0,0,0,1,0,0,0,0,0,2,3,1,3,5,3,51
3,2,4,0,0,0,0,0,1,0,0,1,0,0,0,0,0,2,3,0,1,3,0,
5,5,4,0,0,0,0,0,0,0,1,0,0,0,0,0,1,2,5,0,2,5,3,51
4,2,3,0,0,0,0,0,1,0,0,0,0,1,0,0,0,2,3,1,5,5,5,62
2,1,2,0,0,0,0,0,1,0,0,1,0,0,0,0,0,1,4,1,3,3,4,58
3,3,4,0,0,0,0,1,0,0,0,0,1,0,0,0,0,2,4,1,2,4,3,52.1
3,5,4,0,0,0,0,0,1,0,0,0,0,0,0,1,0,2,3,0,1,4,0,
1,1,3,0,0,0,0,0,0,1,0,0,0,0,1,0,0,2,5,1,5,5,5,52.9
2,4,5,0,0,0,0,0,0,0,1,0,0,1,0,0,0,2,4,1,5,4,5,57.1
2,5,5,0,0,0,0,1,0,0,0,0,1,0,0,0,0,1,3,0,1,3,0,
1,4,4,0,0,0,0,0,1,0,0,0,1,0,0,0,0,2,4,1,3,2,5,52.2
2,4,3,0,0,0,0,1,0,0,0,0,1,0,0,0,0,2,5,0,3,4,4,58.2
1,4,4,0,0,0,1,0,0,0,0,0,0,1,0,0,0,2,4,0,3,4,0,53.7
3,4,4,0,0,0,1,0,0,0,0,0,1,0,0,0,0,2,3,1,2,4,2,45.9
3,4,3,0,0,0,0,0,1,0,0,0,0,1,0,0,0,2,3,1,3,4,4,
4,3,4,0,0,0,1,0,0,0,0,1,0,0,0,0,0,2,3,1,2,4,5,
2,3,4,0,0,0,0,1,0,0,0,0,0,1,0,0,0,2,4,0,3,4,3,
3,4,5,0,0,0,0,1,0,0,0,0,0,1,0,0,0,2,4,0,3,5,3,50.3
4,3,3,0,0,0,0,1,0,0,0,0,0,1,0,0,0,1,5,1,3,5,2,50.4
3,5,5,0,0,0,0,1,0,0,0,0,1,0,0,0,0,2,5,0,5,4,4,55.2
1,5,4,0,0,0,0,1,0,0,0,0,0,1,0,0,0,2,5,1,4,5,3,55
1,1,1,1,0,0,0,0,0,0,0,1,0,0,0,0,0,1,5,0,1,3,3,
1,3,3,0,0,0,0,1,0,0,0,0,0,1,0,0,0,3,4,0,3,5,4,50.8
2,3,3,0,0,0,0,1,0,0,0,0,0,1,0,0,0,2,3,0,1,5,1,51
1,2,2,1,0,0,0,0,0,0,0,1,0,0,0,0,0,2,4,1,2,4,4,57
4,3,4,0,0,0,0,1,0,0,0,0,1,0,0,0,0,2,4,1,1,2,0,
2,3,4,0,0,0,0,1,0,0,0,0,1,0,0,0,0,1,5,0,1,4,0,48
3,2,3,0,0,0,0,1,0,0,0,0,1,0,0,0,0,2,4,1,3,4,3,61
4,3,3,0,0,0,0,0,1,0,0,0,0,0,0,0,1,1,4,0,3,4,4,49.2
1,1,1,0,0,0,0,0,1,0,0,0,0,0,0,1,0,1,1,1,2,1,5,
4,4,5,0,0,0,0,1,0,0,0,0,1,0,0,0,0,3,4,0,4,5,4,53.2
3,2,2,0,0,0,0,0,1,0,0,0,0,0,0,1,0,2,4,1,4,5,5,60
5,2,3,0,0,0,0,0,1,0,0,0,1,0,0,0,0,1,3,0,3,1,2,
3,5,5,0,0,0,0,1,0,0,0,0,0,1,0,0,0,2,4,0,4,4,3,51.7
2,2,5,0,0,0,0,1,0,0,0,0,1,0,0,0,0,2,2,1,2,5,3,50.5
3,3,5,0,0,1,0,0,0,0,0,0,1,0,0,0,0,2,3,1,4,4,5,51.5
3,3,5,0,0,0,0,1,0,0,0,0,1,0,0,0,0,2,3,1,4,5,0,55
2,2,2,0,0,0,0,1,0,0,0,0,1,0,0,0,0,2,3,1,5,4,5,52.4
2,2,2,0,0,0,0,0,1,0,0,1,0,0,0,0,0,1,1,1,3,5,0,
3,2,2,0,0,0,0,1,0,0,0,0,1,0,0,0,0,2,4,1,3,5,0,51.3
3,3,4,0,0,0,1,0,0,0,0,0,0,1,0,0,0,2,5,0,3,5,3,51.2
1,5,5,0,0,0,0,1,0,0,0,0,0,1,0,0,0,2,3,0,2,3,0,
2,5,5,0,0,0,0,1,0,0,0,0,0,1,0,0,0,2,4,0,3,5,4,53.8
3,3,4,0,0,0,0,1,0,0,0,0,1,0,0,0,0,3,3,0,3,5,6,
4,4,4,0,0,0,0,1,0,0,0,0,1,0,0,0,0,2,4,0,4,4,4,52.3
2,3,3,0,1,0,0,0,0,0,0,0,0,0,0,1,0,2,5,0,4,3,5,56.8
3,4,5,0,0,0,0,0,1,0,0,0,1,0,0,0,0,2,4,0,2,4,0,49.8
5,3,5,0,0,0,0,1,0,0,0,0,0,1,0,0,0,2,3,0,3,5,4,52.3
1,3,4,0,0,0,0,1,0,0,0,0,0,1,0,0,0,2,5,0,3,2,2,53.1
2,2,4,0,0,0,0,1,0,0,0,0,1,0,0,0,0,2,5,1,4,2,6,57.5
4,3,2,0,0,0,0,0,1,0,0,1,0,0,0,0,0,2,3,1,4,3,5,54.6
3,4,3,0,0,0,0,1,0,0,0,0,0,0,0,0,1,2,4,0,4,5,4,53
4,3,2,0,0,0,1,0,0,0,0,0,0,1,0,0,0,2,5,1,4,2,6,56.6
3,2,4,0,1,0,0,0,0,0,0,0,1,0,0,0,0,2,3,0,2,4,0,64.2
5,2,3,0,0,0,1,0,0,0,0,0,0,0,0,1,0,2,4,1,2,5,0,50.6
3,4,2,0,0,0,0,1,0,0,0,0,1,0,0,0,0,1,5,0,3,4,6,60
4,4,5,0,0,0,0,1,0,0,0,0,0,0,0,0,1,1,4,1,1,4,0,62.1
2,5,5,0,0,0,0,1,0,0,0,0,1,0,0,0,0,2,3,0,5,5,1,
3,3,3,0,1,0,0,0,0,0,0,0,1,0,0,0,0,1,4,1,3,5,4,53.3
4,3,4,0,0,0,0,1,0,0,0,0,1,0,0,0,0,2,3,1,3,4,6,52.3
3,3,2,0,0,0,0,0,1,0,0,0,1,0,0,0,0,1,4,0,4,4,3,52.8
1,3,5,0,0,0,0,0,1,0,0,0,1,0,0,0,0,2,2,0,5,4,4,51.7
4,2,3,1,0,0,0,0,0,0,0,0,0,0,1,0,0,2,5,1,2,5,4,53.5
3,2,2,0,0,0,0,0,1,0,0,1,0,0,0,0,0,2,4,1,3,4,3,53.2
1,5,5,0,0,0,0,1,0,0,0,0,1,0,0,0,0,2,5,0,5,1,4,57
3,3,5,0,0,0,0,1,0,0,0,0,0,1,0,0,0,1,3,0,2,4,5,53
3,3,4,1,0,0,0,0,0,0,0,0,0,0,0,1,0,2,5,1,3,1,4,52.2
3,2,4,0,0,0,1,0,0,0,0,1,0,0,0,0,0,2,4,1,2,5,5,52.1
2,4,3,0,0,0,0,0,1,0,0,0,0,1,0,0,0,2,5,0,3,4,4,54.1
4,3,2,0,0,0,0,0,1,0,0,1,0,0,0,0,0,2,4,0,4,3,6,60.7
2,3,2,0,0,0,0,0,1,0,0,1,0,0,0,0,0,2,4,1,4,4,3,51
4,4,4,0,0,0,0,1,0,0,0,0,1,0,0,0,0,2,4,0,2,3,5,62.6
2,2,3,0,1,0,0,0,0,0,0,0,0,0,0,1,0,3,5,0,3,2,2,42.3
4,4,4,0,0,0,0,1,0,0,0,0,1,0,0,0,0,3,4,0,5,4,2,51.7
4,3,4,0,0,0,0,1,0,0,0,0,0,1,0,0,0,2,5,1,3,5,1,55
5,4,4,0,0,0,0,1,0,0,0,0,0,1,0,0,0,2,3,0,5,3,3,56.8
3,3,3,0,0,0,0,1,0,0,0,0,1,0,0,0,0,2,4,1,5,5,5,59.5
4,4,4,0,0,0,0,1,0,0,0,0,1,0,0,0,0,2,5,0,4,5,0,51.9
3,4,4,0,0,0,1,0,0,0,0,0,0,1,0,0,0,1,3,1,4,4,6,55
4,3,4,0,0,0,0,1,0,0,0,0,1,0,0,0,0,2,5,0,2,3,3,49.1
3,2,2,0,0,0,1,0,0,0,0,0,0,0,0,1,0,3,5,0,3,5,5,50
3,5,4,0,0,0,0,1,0,0,0,0,1,0,0,0,0,2,4,0,4,5,4,51.4
3,4,3,0,0,0,0,1,0,0,0,1,0,0,0,0,0,2,5,1,4,3,5,54
4,3,3,0,0,0,0,1,0,0,0,0,0,1,0,0,0,2,3,1,1,4,0,
2,4,4,0,0,0,1,0,0,0,0,0,0,0,0,1,0,1,4,1,3,4,4,54.3
3,2,2,0,0,0,1,0,0,0,0,0,0,0,0,0,1,2,4,1,3,4,3,52.4
3,3,4,0,0,0,0,0,1,0,0,1,0,0,0,0,0,2,5,0,2,4,3,50.8
3,2,4,0,0,0,0,1,0,0,0,0,1,0,0,0,0,2,5,1,4,4,3,50.08
3,3,2,0,0,0,0,1,0,0,0,0,1,0,0,0,0,2,5,1,5,5,4,
1,3,3,1,0,0,0,0,0,0,0,0,1,0,0,0,0,2,4,1,3,5,4,51.4
4,2,2,0,1,0,0,0,0,0,0,0,1,0,0,0,0,2,4,1,5,5,5,
3,3,2,0,1,0,0,0,0,0,0,0,0,0,0,1,0,1,4,1,3,5,4,51.3
1,4,5,0,1,0,0,0,0,0,0,0,1,0,0,0,0,2,4,0,2,5,0,
1,5,5,0,0,0,0,1,0,0,0,0,1,0,0,0,0,2,4,0,4,3,2,60
2,2,2,0,1,0,0,0,0,0,0,1,0,0,0,0,0,2,4,1,3,3,5,52.1
2,3,3,0,0,0,0,1,0,0,0,0,0,1,0,0,0,1,3,1,3,5,6,55
2,2,2,1,0,0,0,0,0,0,0,1,0,0,0,0,0,2,4,1,4,3,6,
3,4,5,1,0,0,0,0,0,0,0,0,0,1,0,0,0,2,5,1,1,3,0,
5,2,2,0,0,0,1,0,0,0,0,1,0,0,0,0,0,2,5,0,3,3,2,47.8
4,4,5,0,0,0,0,1,0,0,0,0,0,0,0,0,1,3,5,0,3,4,2,51
3,4,4,0,0,0,0,1,0,0,0,0,0,1,0,0,0,3,5,0,2,4,3,54.4
4,3,4,0,0,0,0,1,0,0,0,0,0,0,0,1,0,2,3,0,3,3,2,63
1,4,4,0,1,0,0,0,0,0,0,0,1,0,0,0,0,2,4,1,4,5,5,52.6
4,5,5,0,0,0,0,1,0,0,0,0,1,0,0,0,0,2,5,0,4,5,2,54.7
1,5,4,0,0,0,0,1,0,0,0,0,0,1,0,0,0,3,4,0,5,3,2,53.6
3,4,5,0,0,0,0,1,0,0,0,0,1,0,0,0,0,2,5,0,2,4,2,49.4
3,4,4,0,0,1,0,0,0,0,0,0,0,0,0,1,0,2,4,0,2,4,0,
2,4,4,0,0,0,1,0,0,0,0,0,1,0,0,0,0,1,2,0,2,3,2,
3,5,5,0,0,0,0,1,0,0,0,0,0,0,0,0,1,2,4,1,1,4,3,60
3,3,3,0,0,0,0,1,0,0,0,0,0,1,0,0,0,2,4,1,3,4,5,52.8
2,4,3,0,0,0,0,0,1,0,0,1,0,0,0,0,0,2,3,1,4,2,4,50.8
2,4,4,0,0,0,0,1,0,0,0,1,0,0,0,0,0,3,4,0,2,2,4,50
2,3,3,0,0,0,0,1,0,0,0,0,1,0,0,0,0,2,4,1,3,3,3,56
4,3,3,0,0,0,0,1,0,0,0,0,1,0,0,0,0,2,4,0,4,5,5,51.5
3,2,5,0,0,0,1,0,0,0,0,1,0,0,0,0,0,2,5,1,5,4,6,65
3,4,3,0,0,0,0,1,0,0,0,0,0,0,0,0,1,2,4,0,4,2,3,45
2,2,2,0,0,0,0,0,1,0,0,0,0,0,0,1,0,2,4,0,3,4,3,55
2,4,4,1,0,0,0,0,0,0,0,0,0,1,0,0,0,2,4,1,5,4,3,53.8
3,3,3,0,0,0,0,0,1,0,0,0,0,0,0,0,1,2,4,0,4,4,4,56.2
1,3,5,0,0,0,1,0,0,0,0,0,1,0,0,0,0,2,3,0,4,4,0,47
3,3,5,0,0,0,0,1,0,0,0,0,0,0,0,0,1,1,4,0,5,2,5,54.5
3,5,5,0,0,0,0,1,0,0,0,0,1,0,0,0,0,2,5,0,5,5,6,56
4,3,3,0,0,0,1,0,0,0,0,1,0,0,0,0,0,1,5,0,3,4,4,48.9
3,3,3,0,0,0,0,0,1,0,0,1,0,0,0,0,0,2,5,0,5,5,4,55.1
3,3,4,0,0,0,0,0,1,0,0,1,0,0,0,0,0,1,3,0,2,4,2,46.6
3,3,5,0,0,0,0,0,0,0,1,0,0,1,0,0,0,2,2,0,4,5,5,61.4
2,5,5,0,0,0,1,0,0,0,0,0,0,0,0,0,1,2,4,0,4,4,4,55
5,3,4,0,0,0,1,0,0,0,0,0,1,0,0,0,0,1,4,0,2,4,0,54.8
4,3,3,0,0,0,0,0,0,0,1,0,0,1,0,0,0,1,3,0,2,5,4,50.9
1,2,3,0,0,0,0,1,0,0,0,0,0,1,0,0,0,2,5,0,4,5,6,54.3
5,5,5,0,0,0,1,0,0,0,0,0,0,0,0,0,1,3,5,0,3,5,3,55
3,4,5,0,0,0,0,1,0,0,0,0,0,1,0,0,0,2,4,0,4,4,2,51
3,4,3,0,0,0,0,1,0,0,0,0,1,0,0,0,0,2,3,0,3,3,2,59.7
3,4,4,0,0,0,0,1,0,0,0,1,0,0,0,0,0,2,3,1,4,1,3,50
2,5,5,0,0,0,0,1,0,0,0,0,0,1,0,0,0,2,3,0,1,4,0,
1,2,3,0,1,0,0,0,0,0,0,0,0,0,0,1,0,2,4,1,5,5,3,50.5
3,5,4,0,0,0,0,1,0,0,0,0,1,0,0,0,0,2,5,0,2,3,5,52.3
3,3,2,0,0,0,0,0,1,0,0,0,0,0,1,0,0,2,4,1,5,3,5,
2,2,4,0,0,0,0,0,1,0,0,1,0,0,0,0,0,1,5,0,2,5,1,50.3
5,5,4,0,0,0,0,1,0,0,0,0,1,0,0,0,0,2,5,0,4,5,5,56.6
2,3,4,0,0,0,0,1,0,0,0,0,1,0,0,0,0,2,5,1,2,5,3,49
3,3,4,0,0,0,1,0,0,0,0,0,0,1,0,0,0,2,4,1,5,4,4,55
3,4,5,0,0,0,0,0,0,0,1,0,0,1,0,0,0,2,4,0,2,4,6,62.5
4,2,2,0,0,0,1,0,0,0,0,0,1,0,0,0,0,2,4,1,3,4,5,49.5
3,4,4,1,0,0,0,0,0,0,0,0,1,0,0,0,0,2,3,0,1,2,0,55
3,3,3,0,0,0,0,1,0,0,0,0,0,0,0,1,0,2,4,0,2,2,3,
2,4,5,0,0,0,1,0,0,0,0,0,1,0,0,0,0,2,4,0,2,5,2,47.1
2,3,3,0,0,0,0,1,0,0,0,0,1,0,0,0,0,2,4,1,3,5,5,
4,5,5,0,0,0,0,1,0,0,0,0,0,1,0,0,0,2,4,0,3,3,3,52.8
3,2,3,0,0,0,0,1,0,0,0,0,1,0,0,0,0,2,5,1,2,4,3,52
4,2,4,0,0,0,0,0,1,0,0,0,0,1,0,0,0,2,4,0,3,4,4,51
4,2,1,0,1,0,0,0,0,0,0,0,0,0,0,1,0,1,5,0,3,5,3,52.3
1,3,3,0,0,0,0,0,1,0,0,0,1,0,0,0,0,2,5,1,3,5,3,
3,2,3,0,0,0,0,1,0,0,0,0,0,0,1,0,0,2,5,0,4,2,2,55
3,5,5,0,0,0,0,1,0,0,0,0,1,0,0,0,0,2,4,0,4,5,3,49
3,4,5,0,0,0,0,1,0,0,0,0,0,0,0,0,1,2,4,0,1,4,0,
1,3,4,0,0,0,0,1,0,0,0,0,0,1,0,0,0,2,3,1,3,4,4,56.3
2,5,5,0,0,0,0,1,0,0,0,0,0,0,0,1,0,1,5,1,2,5,0,
1,4,4,0,0,0,0,1,0,0,0,0,0,0,0,1,0,2,3,0,3,4,0,
1,5,5,0,0,0,0,1,0,0,0,0,0,0,0,1,0,3,5,0,1,2,0,
4,2,3,0,0,0,0,0,1,0,0,1,0,0,0,0,0,2,3,1,1,3,0,
3,3,4,0,0,0,0,1,0,0,0,0,0,0,0,1,0,2,5,0,3,5,2,
1,2,3,0,0,0,0,1,0,0,0,1,0,0,0,0,0,3,3,0,2,4,0,
3,3,4,0,0,0,0,0,0,0,1,0,1,0,0,0,0,2,4,1,4,3,5,54.6
3,3,4,0,0,0,0,1,0,0,0,0,0,0,0,0,1,2,2,0,3,4,5,61.4
3,3,3,0,1,0,0,0,0,0,0,1,0,0,0,0,0,3,5,0,5,5,5,56
2,4,4,0,0,0,0,1,0,0,0,0,0,1,0,0,0,3,5,0,4,5,6,57.7
5,5,5,0,0,0,0,1,0,0,0,0,0,0,0,0,1,3,4,0,4,3,5,55.3
2,1,1,0,0,1,0,0,0,0,0,1,0,0,0,0,0,1,5,1,2,5,3,
4,4,5,0,0,0,0,0,0,0,1,0,1,0,0,0,0,2,4,1,4,4,5,54.9
3,2,2,0,0,0,0,0,1,0,0,1,0,0,0,0,0,2,4,0,2,2,2,48.3
2,3,4,0,0,0,0,1,0,0,0,0,1,0,0,0,0,2,3,0,3,4,5,54.1
2,5,5,0,0,0,0,0,0,0,1,0,0,1,0,0,0,2,4,0,1,1,0,
1,1,4,0,1,0,0,0,0,0,0,1,0,0,0,0,0,2,5,1,4,4,6,60.7
3,3,4,0,0,0,0,1,0,0,0,0,1,0,0,0,0,2,4,0,2,4,3,54
3,3,4,0,0,0,0,1,0,0,0,1,0,0,0,0,0,2,4,0,2,4,3,52.6
5,5,4,0,0,0,0,1,0,0,0,0,0,1,0,0,0,2,5,1,3,3,4,
3,4,4,0,0,0,0,1,0,0,0,0,1,0,0,0,0,2,5,0,4,4,6,54.4
1,4,5,0,0,1,0,0,0,0,0,0,1,0,0,0,0,3,5,0,3,1,2,50.9
5,4,5,0,0,0,0,1,0,0,0,0,1,0,0,0,0,2,4,0,2,4,0,40
5,4,4,0,0,0,0,1,0,0,0,0,0,0,0,0,1,2,5,0,3,5,3,56.9
5,4,4,0,0,0,0,1,0,0,0,0,0,0,0,0,1,2,5,0,3,5,3,56.9
5,5,5,0,0,0,1,0,0,0,0,0,0,0,0,0,1,2,4,0,3,4,0,
2,2,3,0,0,0,0,1,0,0,0,0,1,0,0,0,0,2,5,1,4,5,4,50.7
3,4,3,0,0,0,0,1,0,0,0,0,1,0,0,0,0,1,3,1,3,3,3,
4,4,5,0,0,0,0,1,0,0,0,0,1,0,0,0,0,2,4,0,3,5,2,54.6
3,2,2,0,0,1,0,0,0,0,0,0,0,0,0,1,0,2,3,1,3,4,4,55
1,1,1,1,0,0,0,0,0,0,0,1,0,0,0,0,0,3,5,0,1,1,6,
1,1,1,0,0,0,1,0,0,0,0,1,0,0,0,0,0,2,5,0,1,4,6,50
3,2,5,0,0,0,1,0,0,0,0,0,0,1,0,0,0,2,2,0,4,3,4,
2,3,5,0,0,0,0,0,1,0,0,0,1,0,0,0,0,2,4,1,4,4,4,46.8
3,4,4,0,0,0,0,1,0,0,0,0,0,1,0,0,0,2,3,0,5,4,3,51.6
3,2,5,0,0,0,0,1,0,0,0,0,1,0,0,0,0,2,1,0,2,3,4,
1,4,4,0,0,0,0,1,0,0,0,0,1,0,0,0,0,2,3,0,1,3,2,47.1
2,3,4,0,0,0,0,1,0,0,0,0,1,0,0,0,0,2,3,0,4,4,2,49
5,2,5,0,0,0,0,1,0,0,0,0,0,0,0,1,0,2,4,1,5,4,5,56.1
2,4,4,0,0,0,1,0,0,0,0,0,0,0,0,0,1,2,3,0,2,2,4,53.1
4,1,4,0,1,0,0,0,0,0,0,1,0,0,0,0,0,2,4,0,3,1,5,65
4,1,2,0,1,0,0,0,0,0,0,1,0,0,0,0,0,2,3,1,4,2,5,52.7
5,4,5,0,0,0,0,1,0,0,0,0,0,0,0,0,1,3,5,1,4,4,5,62.3
2,4,4,0,0,0,0,1,0,0,0,0,1,0,0,0,0,2,3,1,2,3,4,51.5
1,4,5,0,0,0,1,0,0,0,0,0,0,1,0,0,0,2,4,0,3,4,0,62
3,4,5,0,0,0,0,0,0,1,0,0,0,1,0,0,0,2,3,1,4,4,1,
2,4,4,0,0,0,0,1,0,0,0,0,1,0,0,0,0,2,3,0,1,4,2,49.6
2,4,4,0,0,0,0,1,0,0,0,0,1,0,0,0,0,2,3,0,1,4,2,49.6
3,3,4,0,0,0,0,1,0,0,0,0,1,0,0,0,0,2,5,0,4,4,6,
1,5,5,0,0,0,0,1,0,0,0,0,0,0,0,1,0,3,5,0,1,1,0,
4,3,3,0,0,0,0,1,0,0,0,0,1,0,0,0,0,2,4,0,3,4,4,51.7
2,2,3,0,0,0,1,0,0,0,0,0,0,1,0,0,0,2,5,0,2,4,1,46.9
4,4,4,0,0,0,0,1,0,0,0,0,1,0,0,0,0,2,5,1,1,5,4,58
3,2,2,0,0,0,0,1,0,0,0,1,0,0,0,0,0,2,3,0,2,4,3,60.3
3,2,3,0,0,0,0,0,1,0,0,0,0,0,0,0,1,2,3,1,2,4,4,
3,2,3,0,0,0,0,1,0,0,0,1,0,0,0,0,0,2,4,0,3,5,4,54.6
3,4,5,0,0,0,0,1,0,0,0,0,1,0,0,0,0,2,4,0,3,4,4,54.4
4,4,5,0,0,0,0,1,0,0,0,0,0,1,0,0,0,2,4,0,5,3,4,52.3
4,4,5,0,0,0,0,1,0,0,0,0,0,0,0,0,1,2,3,1,5,3,5,52
1,1,1,0,1,0,0,0,0,0,0,1,0,0,0,0,0,2,5,1,3,1,6,67
4,4,4,0,0,0,0,1,0,0,0,0,1,0,0,0,0,2,4,0,3,4,6,53
4,3,4,0,0,1,0,0,0,0,0,0,0,0,0,1,0,2,3,1,1,4,0,
2,3,3,0,1,0,0,0,0,0,0,0,0,1,0,0,0,2,3,1,4,2,5,
3,4,5,0,0,0,0,1,0,0,0,0,0,0,0,0,1,2,5,0,3,5,3,56.5
5,3,3,0,0,0,1,0,0,0,0,0,1,0,0,0,0,2,4,0,2,5,2,49
1,3,3,0,0,0,0,1,0,0,0,0,1,0,0,0,0,3,4,0,5,3,5,
2,3,2,0,0,0,0,0,1,0,0,1,0,0,0,0,0,2,4,0,2,4,5,54
